1759307052.1515026,y,104,213,60,109,10.8,1.2,0.3672
1759307052.1816993,y,104,213,60,109,10.8,1.2,0.3672
1759307052.2033648,y,105,213,60,108,10.8,1.2,0.3672
1759307052.2251916,y,105,213,60,108,10.8,1.2,0.3672
1759307052.251259,y,106,213,60,107,10.8,1.2,0.3672
1759307052.2753086,y,107,213,60,106,10.8,1.2,0.3672
1759307052.2991617,y,107,213,60,106,10.8,1.2,0.3672
1759307052.3215766,y,108,213,60,105,10.8,1.2,0.3672
1759307052.3435106,y,109,213,60,104,10.8,1.2,0.3672
1759307052.36796,y,110,213,60,103,10.8,1.2,0.3672
1759307052.3906717,y,111,213,60,102,10.8,1.2,0.3672
1759307052.4150817,y,112,213,60,101,10.8,1.2,0.3672
1759307052.4388905,y,113,213,60,100,10.8,1.2,0.3672
1759307052.4602997,y,115,213,60,98,10.8,1.2,0.3672
1759307052.4855042,y,116,213,60,97,10.8,1.2,0.3672
1759307052.5084398,y,117,213,60,96,10.8,1.2,0.3672
1759307052.5340302,y,119,213,60,94,10.8,1.2,0.3672
1759307052.5656657,y,121,213,60,92,10.8,1.2,0.3672
1759307052.6014593,y,124,213,60,89,10.8,1.2,0.3672
1759307052.6343737,y,127,213,60,86,10.8,1.2,0.3672
1759307052.6550453,y,129,213,60,84,10.8,1.2,0.3672
1759307052.6761625,y,131,213,60,82,10.8,1.2,0.3672
1759307052.700336,y,132,213,60,81,10.8,1.2,0.3672
1759307052.7231486,y,134,213,60,79,10.8,1.2,0.3672
1759307052.7456682,y,135,213,60,78,10.8,1.2,0.3672
1759307052.781342,y,138,213,60,75,10.8,1.2,0.3672
1759307052.8084123,y,140,213,60,73,10.8,1.2,0.3672
1759307052.8385808,y,142,213,60,71,10.8,1.2,0.3672
1759307052.854107,y,145,213,60,68,10.8,1.2,0.3672
1759307052.8750222,y,147,213,60,66,10.8,1.2,0.3672
1759307052.89145,y,148,213,60,65,10.8,1.2,0.3672
1759307052.915789,y,149,213,60,64,10.8,1.2,0.3672
1759307052.933537,y,151,213,60,62,10.8,1.2,0.3672
1759307052.9567516,y,153,213,60,60,10.8,1.2,0.3672
1759307052.9727547,y,154,213,60,59,10.8,1.2,0.3672
1759307052.994581,y,156,213,60,57,10.8,1.2,0.3672
1759307053.0109274,y,157,213,60,56,10.8,1.2,0.3672
1759307053.0354652,y,159,213,60,54,10.8,1.2,0.3672
1759307053.0534136,y,162,213,60,51,10.8,1.2,0.3672
1759307053.07494,y,163,213,60,50,10.8,1.2,0.3672
1759307053.092671,y,164,213,60,49,10.8,1.2,0.3672
1759307053.117292,y,167,213,60,46,10.8,1.2,0.3672
1759307053.1351886,y,168,213,60,45,10.8,1.2,0.3672
1759307053.1574686,y,170,213,60,43,10.8,1.2,0.3672
1759307053.1728046,y,171,213,60,42,10.8,1.2,0.3672
1759307053.196112,y,173,213,60,40,10.8,1.2,0.3672
1759307053.210942,y,174,213,60,39,10.8,1.2,0.3672
1759307053.2371304,y,177,213,60,36,10.8,1.2,0.3672
1759307053.2537534,y,179,213,60,34,10.8,1.2,0.3672
1759307053.275537,y,180,213,60,33,10.8,1.2,0.3672
1759307053.2931774,y,182,213,60,31,10.8,1.2,0.3672
1759307053.3184175,y,184,213,60,29,10.8,1.2,0.3672
1759307053.3365574,y,185,213,60,28,10.8,1.2,0.3672
1759307053.3588228,y,187,213,60,26,10.8,1.2,0.3672
1759307053.3732598,y,188,213,60,25,10.8,1.2,0.3672
1759307053.3975086,y,190,213,60,23,10.8,1.2,0.3672
1759307053.4119947,y,191,213,60,22,10.8,1.2,0.3672
1759307053.436213,y,193,213,60,20,10.8,1.2,0.3672
1759307053.4525251,y,194,213,60,19,10.8,1.2,0.3672
1759307053.4734623,y,196,213,60,17,10.8,1.2,0.3672
1759307053.4926064,y,199,213,60,14,10.8,1.2,0.3672
1759307053.520136,y,200,213,60,13,10.8,1.2,0.3672
1759307053.5377045,y,202,213,60,11,10.8,1.2,0.3672
1759307053.561314,y,204,213,60,9,10.8,1.2,0.3672
1759307053.5769148,y,205,213,60,8,10.8,1.2,0.3672
1759307053.6033146,y,208,213,60,5,10.8,1.2,0.3672
1759307053.617148,y,209,213,60,4,10.8,1.2,0.3672
1759307053.6384819,y,211,213,60,2,10.8,1.2,0.3672
1759307053.654763,y,212,213,60,1,10.8,1.2,0.3672
1759307053.6763525,y,214,213,60,-1,10.8,1.2,0.3672
1759307053.6963477,y,215,213,60,-2,10.8,1.2,0.3672
1759307053.7197087,y,218,213,29.768834943095122,-5,10.8,1.2,0.3672
1759307053.7348611,y,220,213,6.72973969489248,-7,10.8,1.2,0.3672
1759307053.758916,y,222,213,2.8070110832021093,-9,10.8,1.2,0.3672
1759307053.7731447,y,223,213,-3.4401786834463337,-10,10.8,1.2,0.3672
1759307053.7978745,y,224,213,-3.6083596894947174,-11,10.8,1.2,0.3672
1759307053.8123798,y,224,213,11.048694419860823,-11,10.8,1.2,0.3672
1759307053.8362663,y,224,213,10.733393383026112,-11,10.8,1.2,0.3672
1759307053.853655,y,223,213,42.44174331389699,-10,10.8,1.2,0.3672
1759307053.875138,y,223,213,21.066932201385498,-10,10.8,1.2,0.3672
1759307053.8945124,y,224,213,-8.941683266384612,-11,10.8,1.2,0.3672
1759307053.920057,y,224,213,9.6740012168884,-11,10.8,1.2,0.3672
1759307053.936726,y,225,213,-23.394902639776998,-12,10.8,1.2,0.3672
1759307053.9745362,y,225,213,-1.91049814224246,-12,10.8,1.2,0.3672
1759307053.9929912,y,225,213,-2.1762505531311263,-12,10.8,1.2,0.3672
1759307054.0163002,y,223,213,50.651194993974215,-10,10.8,1.2,0.3672
1759307054.0418942,y,223,213,18.836913585662842,-10,10.8,1.2,0.3672
1759307054.07516,y,222,213,40.3159967049359,-9,10.8,1.2,0.3672
1759307054.1004884,y,224,213,-21.65181489586436,-11,10.8,1.2,0.3672
1759307054.1219277,y,225,213,-20.892832112782312,-12,10.8,1.2,0.3672
1759307054.1384857,y,226,213,-37.000404660758505,-13,10.8,1.2,0.3672
1759307054.159987,y,226,213,-15.159142398834234,-13,10.8,1.2,0.3672
1759307054.1781564,y,225,213,15.589018070897836,-12,10.8,1.2,0.3672
1759307054.2022462,y,224,213,21.104190191892116,-11,10.8,1.2,0.3672
1759307054.2203622,y,223,213,36.713218837194376,-10,10.8,1.2,0.3672
1759307054.2439308,y,222,213,42.569330936466265,-9,10.8,1.2,0.3672
1759307054.2587311,y,223,213,-8.798595143227729,-10,10.8,1.2,0.3672
1759307054.2827656,y,224,213,-10.383597378198633,-11,10.8,1.2,0.3672
1759307054.2998037,y,225,213,-27.702598463363717,-12,10.8,1.2,0.3672
1759307054.3315353,y,225,213,-6.607843494415306,-12,10.8,1.2,0.3672
1759307054.3565693,y,225,213,-6.968332386016868,-12,10.8,1.2,0.3672
1759307054.3923137,y,223,213,34.74859372878676,-10,10.8,1.2,0.3672
1759307054.4177504,y,223,213,13.897494792938232,-10,10.8,1.2,0.3672
1759307054.4321804,y,223,213,13.724334239959717,-10,10.8,1.2,0.3672
1759307054.455266,y,223,213,13.447307109832764,-10,10.8,1.2,0.3672
1759307054.4701624,y,223,213,13.268550395965576,-10,10.8,1.2,0.3672
1759307054.4916296,y,224,213,-14.919974788560172,-11,10.8,1.2,0.3672
1759307054.5080936,y,224,213,1.967858505249012,-11,10.8,1.2,0.3672
1759307054.5334845,y,224,213,1.6326991081237594,-11,10.8,1.2,0.3672
1759307054.5506608,y,224,213,1.4059707641601449,-11,10.8,1.2,0.3672
1759307054.5731122,y,224,213,1.1096122741699048,-11,10.8,1.2,0.3672
1759307054.5875883,y,224,213,0.9185282707214242,-11,10.8,1.2,0.3672
1759307054.6225128,y,225,213,-20.898491488832178,-12,10.8,1.2,0.3672
1759307054.6467164,y,225,213,-10.732915592193635,-12,10.8,1.2,0.3672
1759307054.6719017,y,225,213,-11.095584583282502,-12,10.8,1.2,0.3672
1759307054.704551,y,225,213,-11.565734195709254,-12,10.8,1.2,0.3672
1759307054.7192652,y,224,213,23.995453416734655,-11,10.8,1.2,0.3672
1759307054.739091,y,224,213,-1.2216613769531364,-11,10.8,1.2,0.3672
1759307054.762119,y,224,213,-1.5256327629089554,-11,10.8,1.2,0.3672
1759307054.7814384,y,223,213,28.049439572659935,-10,10.8,1.2,0.3672
1759307054.8044288,y,223,213,8.766650104522697,-10,10.8,1.2,0.3672
1759307054.8227723,y,224,213,-22.293529490972748,-11,10.8,1.2,0.3672
1759307054.8440905,y,224,213,-2.5568836212158317,-11,10.8,1.2,0.3672
1759307054.8612084,y,225,213,-35.05451523671016,-12,10.8,1.2,0.3672
1759307054.8853347,y,225,213,-13.950801086425813,-12,10.8,1.2,0.3672
1759307054.903203,y,224,213,17.163720276772803,-11,10.8,1.2,0.3672
1759307054.9386199,y,224,213,-3.8541646957397546,-11,10.8,1.2,0.3672
1759307054.962907,y,223,213,21.773448861136224,-10,10.8,1.2,0.3672
1759307054.991992,y,222,213,29.765370281859433,-9,10.8,1.2,0.3672
1759307055.0168302,y,221,213,42.485499194485286,-8,10.8,1.2,0.3672
1759307055.0344548,y,222,213,-4.123016937325595,-9,10.8,1.2,0.3672
1759307055.0567188,y,223,213,-10.848679631654619,-10,10.8,1.2,0.3672
1759307055.0712163,y,224,213,-30.675529008767295,-11,10.8,1.2,0.3672
1759307055.0930412,y,224,213,-5.6351443290710534,-11,10.8,1.2,0.3672
1759307055.106269,y,225,213,-44.38554876463843,-12,10.8,1.2,0.3672
1759307055.1426775,y,224,213,3.7792942729514127,-11,10.8,1.2,0.3672
1759307055.1679678,y,223,213,18.709728393198553,-10,10.8,1.2,0.3672
1759307055.1930735,y,221,213,54.80158849745999,-8,10.8,1.2,0.3672
1759307055.2203827,y,221,213,25.287116432189933,-8,10.8,1.2,0.3672
1759307055.2355075,y,221,213,25.1419183731079,-8,10.8,1.2,0.3672
1759307055.2580996,y,222,213,-2.1555683156254766,-9,10.8,1.2,0.3672
1759307055.272457,y,223,213,-22.450152749925923,-10,10.8,1.2,0.3672
1759307055.295218,y,224,213,-24.107593862513358,-11,10.8,1.2,0.3672
1759307055.307658,y,224,213,-8.13901805877687,-11,10.8,1.2,0.3672
1759307055.3322937,y,224,213,-8.46421051025392,-11,10.8,1.2,0.3672
1759307055.343667,y,224,213,-8.614337825775166,-11,10.8,1.2,0.3672
1759307055.367433,y,223,213,17.35108693545855,-10,10.8,1.2,0.3672
1759307055.3851736,y,223,213,1.6875838279724036,-10,10.8,1.2,0.3672
1759307055.4060433,y,222,213,29.857050192882475,-9,10.8,1.2,0.3672
1759307055.4238122,y,222,213,12.070287036895749,-9,10.8,1.2,0.3672
1759307055.4463472,y,222,213,11.826908111572266,-9,10.8,1.2,0.3672
1759307055.4626086,y,223,213,-21.749393984630373,-10,10.8,1.2,0.3672
1759307055.4867246,y,223,213,0.5423795700073271,-10,10.8,1.2,0.3672
1759307055.503049,y,223,213,0.34648818969726847,-10,10.8,1.2,0.3672
1759307055.5253325,y,223,213,0.07908554077148722,-10,10.8,1.2,0.3672
1759307055.5416484,y,223,213,-0.11670570373534872,-10,10.8,1.2,0.3672
1759307055.568569,y,223,213,-0.43975238800048544,-10,10.8,1.2,0.3672
1759307055.5882328,y,223,213,-0.6757181167602511,-10,10.8,1.2,0.3672
1759307055.6114316,y,223,213,-0.9541042327880831,-10,10.8,1.2,0.3672
1759307055.629744,y,222,213,29.700048519174008,-9,10.8,1.2,0.3672
1759307055.6528602,y,221,213,36.11123102044609,-8,10.8,1.2,0.3672
1759307055.6679695,y,221,213,20.08115730285644,-8,10.8,1.2,0.3672
1759307055.6928713,y,221,213,19.842099380493153,-8,10.8,1.2,0.3672
1759307055.7071195,y,222,213,-16.883578595329645,-9,10.8,1.2,0.3672
1759307055.7339602,y,223,213,-15.914591649056803,-10,10.8,1.2,0.3672
1759307055.7464468,y,223,213,-2.383709049224862,-10,10.8,1.2,0.3672
1759307055.7686377,y,223,213,-2.649998760223397,-10,10.8,1.2,0.3672
1759307055.7867277,y,222,213,28.253125725576638,-9,10.8,1.2,0.3672
1759307055.808527,y,222,213,7.719196414947504,-9,10.8,1.2,0.3672
1759307055.8341305,y,221,213,32.61517334074147,-8,10.8,1.2,0.3672
1759307055.87217,y,222,213,-2.5905609765386473,-9,10.8,1.2,0.3672
1759307055.8985724,y,223,213,-17.962041067404414,-10,10.8,1.2,0.3672
1759307055.9171088,y,223,213,-4.276689147949227,-10,10.8,1.2,0.3672
1759307055.9395077,y,224,213,-31.765981838274374,-11,10.8,1.2,0.3672
1759307055.9543545,y,224,213,-15.568333053588887,-11,10.8,1.2,0.3672
1759307055.9803705,y,223,213,9.033867791067303,-10,10.8,1.2,0.3672
1759307055.991911,y,222,213,37.41345741486548,-9,10.8,1.2,0.3672
1759307056.023376,y,221,213,27.762863791025147,-8,10.8,1.2,0.3672
1759307056.052453,y,221,213,15.813634300231925,-8,10.8,1.2,0.3672
1759307056.0778368,y,222,213,-9.726479784677096,-9,10.8,1.2,0.3672
1759307056.1113563,y,224,213,-39.212597733635384,-11,10.8,1.2,0.3672
1759307056.1259937,y,225,213,-53.40004889589205,-12,10.8,1.2,0.3672
1759307056.1480694,y,225,213,-28.631636238098167,-12,10.8,1.2,0.3672
1759307056.1716824,y,224,213,-2.5925558259935126,-11,10.8,1.2,0.3672
1759307056.1880517,y,222,213,48.14423816776663,-9,10.8,1.2,0.3672
1759307056.2110894,y,221,213,29.797832408475266,-8,10.8,1.2,0.3672
1759307056.2263117,y,221,213,13.7125877380371,-8,10.8,1.2,0.3672
1759307056.2503002,y,221,213,13.482298278808585,-8,10.8,1.2,0.3672
1759307056.2739859,y,223,213,-39.407988303668745,-10,10.8,1.2,0.3672
1759307056.296844,y,224,213,-35.567954721800255,-11,10.8,1.2,0.3672
1759307056.3197289,y,224,213,-19.805737495422377,-11,10.8,1.2,0.3672
1759307056.3420882,y,224,213,-20.100881195068368,-11,10.8,1.2,0.3672
1759307056.3651817,y,222,213,33.05091792660127,-9,10.8,1.2,0.3672
1759307056.3890605,y,222,213,0.9918182373046847,-9,10.8,1.2,0.3672
1759307056.4128692,y,221,213,26.986176696907336,-8,10.8,1.2,0.3672
1759307056.4495566,y,220,213,32.06397355091332,-7,10.8,1.2,0.3672
1759307056.482422,y,222,213,-22.24547132917166,-9,10.8,1.2,0.3672
1759307056.5148625,y,223,213,-22.408363028419586,-10,10.8,1.2,0.3672
1759307056.5383458,y,224,213,-37.83579104255544,-11,10.8,1.2,0.3672
1759307056.5602303,y,224,213,-22.488006019592305,-11,10.8,1.2,0.3672
1759307056.5861416,y,223,213,2.1724642337433675,-10,10.8,1.2,0.3672
1759307056.608222,y,221,213,42.64932067727152,-8,10.8,1.2,0.3672
1759307056.6311698,y,221,213,9.168787193298328,-8,10.8,1.2,0.3672
1759307056.6533701,y,220,213,36.32258704268894,-7,10.8,1.2,0.3672
1759307056.676259,y,222,213,-34.150318751151104,-9,10.8,1.2,0.3672
1759307056.6995697,y,222,213,-2.3166509628295984,-9,10.8,1.2,0.3672
1759307056.7249634,y,223,213,-27.881641256218067,-10,10.8,1.2,0.3672
1759307056.7603502,y,223,213,-13.84601726531983,-10,10.8,1.2,0.3672
1759307056.7944036,y,221,213,28.99324638497018,-8,10.8,1.2,0.3672
1759307056.8258283,y,220,213,29.648155955125006,-7,10.8,1.2,0.3672
1759307056.8516834,y,219,213,42.779192940168834,-6,10.8,1.2,0.3672
1759307056.874837,y,220,213,1.7231130528642211,-7,10.8,1.2,0.3672
1759307056.8980274,y,221,213,-9.274243306180155,-8,10.8,1.2,0.3672
1759307056.9199452,y,222,213,-21.23037566391117,-9,10.8,1.2,0.3672
1759307056.952496,y,223,213,-26.9483190496082,-10,10.8,1.2,0.3672
1759307056.9864218,y,223,213,-16.07460365295411,-10,10.8,1.2,0.3672
1759307057.022726,y,221,213,25.405920334674345,-8,10.8,1.2,0.3672
1759307057.0470607,y,220,213,30.862047081435865,-7,10.8,1.2,0.3672
1759307057.0707893,y,219,213,41.87660897352335,-6,10.8,1.2,0.3672
1759307057.0918589,y,220,213,-2.0033792671694144,-7,10.8,1.2,0.3672
1759307057.1174643,y,221,213,-9.961880291124112,-8,10.8,1.2,0.3672
1759307057.140339,y,222,213,-22.720967497861842,-9,10.8,1.2,0.3672
1759307057.1623597,y,222,213,-6.906048202514654,-9,10.8,1.2,0.3672
1759307057.186197,y,222,213,-7.163491344451913,-9,10.8,1.2,0.3672
1759307057.2086742,y,221,213,19.757318757976112,-8,10.8,1.2,0.3672
1759307057.2323766,y,221,213,3.1931851387023897,-8,10.8,1.2,0.3672
1759307057.2539666,y,221,213,2.9859211921691866,-8,10.8,1.2,0.3672
1759307057.2774718,y,220,213,29.21054530736507,-7,10.8,1.2,0.3672
1759307057.2904987,y,220,213,13.479051017761222,-7,10.8,1.2,0.3672
1759307057.3147168,y,221,213,-12.715666960717822,-8,10.8,1.2,0.3672
1759307057.3263595,y,221,213,2.334787559509266,-8,10.8,1.2,0.3672
1759307057.3500843,y,222,213,-24.19891892833769,-9,10.8,1.2,0.3672
1759307057.363294,y,222,213,-8.864103698730474,-9,10.8,1.2,0.3672
1759307057.386945,y,222,213,-9.119535827636724,-9,10.8,1.2,0.3672
1759307057.4060218,y,222,213,-9.325565528869632,-9,10.8,1.2,0.3672
1759307057.430385,y,222,213,-9.588688945770272,-9,10.8,1.2,0.3672
1759307057.459804,y,221,213,13.410641876325164,-8,10.8,1.2,0.3672
1759307057.4950953,y,220,213,21.837304776018662,-7,10.8,1.2,0.3672
1759307057.5226674,y,220,213,11.200837039947501,-7,10.8,1.2,0.3672
1759307057.5444615,y,220,213,11.017766761779768,-7,10.8,1.2,0.3672
1759307057.56511,y,221,213,-17.76385042453146,-8,10.8,1.2,0.3672
1759307057.5871286,y,221,213,-0.191837882995614,-8,10.8,1.2,0.3672
1759307057.6059859,y,221,213,-0.3728673934936637,-8,10.8,1.2,0.3672
1759307057.6295128,y,221,213,-0.5987257003784237,-8,10.8,1.2,0.3672
1759307057.6472192,y,221,213,-0.7687070846557731,-8,10.8,1.2,0.3672
1759307057.6703076,y,221,213,-0.9903562545776481,-8,10.8,1.2,0.3672
1759307057.686265,y,221,213,-1.1435468673706168,-8,10.8,1.2,0.3672
1759307057.707716,y,220,213,26.594350709617387,-7,10.8,1.2,0.3672
1759307057.723489,y,220,213,9.343771076202387,-7,10.8,1.2,0.3672
1759307057.7470713,y,220,213,9.145680427551255,-7,10.8,1.2,0.3672
1759307057.7657166,y,220,213,8.989060020446772,-7,10.8,1.2,0.3672
1759307057.7872527,y,220,213,8.80815668106078,-7,10.8,1.2,0.3672
1759307057.805587,y,220,213,8.654147815704334,-7,10.8,1.2,0.3672
1759307057.826623,y,220,213,8.477446174621576,-7,10.8,1.2,0.3672
1759307057.84594,y,220,213,8.315182113647452,-7,10.8,1.2,0.3672
1759307057.8707747,y,220,213,8.106571197509751,-7,10.8,1.2,0.3672
1759307057.886991,y,220,213,7.970354461669913,-7,10.8,1.2,0.3672
1759307057.9093585,y,221,213,-19.461065877174043,-8,10.8,1.2,0.3672
1759307057.9299881,y,221,213,-3.2424179077148523,-8,10.8,1.2,0.3672
1759307057.963751,y,221,213,-3.566542053222662,-8,10.8,1.2,0.3672
1759307057.990912,y,221,213,-3.827286529541027,-8,10.8,1.2,0.3672
1759307058.0216947,y,220,213,18.642917132132297,-7,10.8,1.2,0.3672
1759307058.0456195,y,220,213,6.513170242309556,-7,10.8,1.2,0.3672
1759307058.058629,y,220,213,6.403890037536613,-7,10.8,1.2,0.3672
1759307058.0822563,y,219,213,32.575130109444274,-6,10.8,1.2,0.3672
1759307058.0939999,y,219,213,16.949220085144034,-6,10.8,1.2,0.3672
1759307058.1185079,y,220,213,-9.039510203162008,-7,10.8,1.2,0.3672
1759307058.1386826,y,220,213,5.773885059356672,-7,10.8,1.2,0.3672
1759307058.1715546,y,221,213,-16.512299942749046,-8,10.8,1.2,0.3672
1759307058.1959283,y,221,213,-5.57567396163941,-8,10.8,1.2,0.3672
1759307058.2254436,y,221,213,-5.859020519256603,-8,10.8,1.2,0.3672
1759307058.2495015,y,220,213,20.002093112273204,-7,10.8,1.2,0.3672
1759307058.2614331,y,220,213,4.638667488098136,-7,10.8,1.2,0.3672
1759307058.28517,y,220,213,4.439277076721183,-7,10.8,1.2,0.3672
1759307058.300769,y,220,213,4.308245372772205,-7,10.8,1.2,0.3672
1759307058.322194,y,220,213,4.128275299072257,-7,10.8,1.2,0.3672
1759307058.3431523,y,220,213,3.952226543426505,-7,10.8,1.2,0.3672
1759307058.378446,y,220,213,3.6557584762573185,-7,10.8,1.2,0.3672
1759307058.4034014,y,220,213,3.44613418579101,-7,10.8,1.2,0.3672
1759307058.4286237,y,220,213,3.234266853332514,-7,10.8,1.2,0.3672
1759307058.452024,y,221,213,-23.48247810836496,-8,10.8,1.2,0.3672
1759307058.4662097,y,221,213,-7.926558494567885,-8,10.8,1.2,0.3672
1759307058.4873824,y,221,213,-8.129817008972182,-8,10.8,1.2,0.3672
1759307058.5013192,y,221,213,-8.263609886169448,-8,10.8,1.2,0.3672
1759307058.5230768,y,221,213,-8.47248287200928,-8,10.8,1.2,0.3672
1759307058.5382175,y,221,213,-8.61783428192139,-8,10.8,1.2,0.3672
1759307058.560395,y,221,213,-8.830737876892101,-8,10.8,1.2,0.3672
1759307058.578483,y,221,213,-9.004383659362801,-8,10.8,1.2,0.3672
1759307058.602428,y,221,213,-9.234254264831549,-8,10.8,1.2,0.3672
1759307058.6184194,y,221,213,-9.38777217864991,-8,10.8,1.2,0.3672
1759307058.6447191,y,221,213,-9.640249443054202,-8,10.8,1.2,0.3672
1759307058.6601412,y,220,213,24.840182897225976,-7,10.8,1.2,0.3672
1759307058.68604,y,220,213,0.8126558303832923,-7,10.8,1.2,0.3672
1759307058.7012467,y,220,213,0.6849185943603402,-7,10.8,1.2,0.3672
1759307058.722893,y,220,213,0.5030900001525822,-7,10.8,1.2,0.3672
1759307058.7385046,y,220,213,0.3719521522521916,-7,10.8,1.2,0.3672
1759307058.7594953,y,220,213,0.19563102722166548,-7,10.8,1.2,0.3672
1759307058.7758665,y,220,213,0.05811252593993288,-7,10.8,1.2,0.3672
1759307058.8016515,y,221,213,-25.23027781485532,-8,10.8,1.2,0.3672
1759307058.8269222,y,221,213,-11.232021903991708,-8,10.8,1.2,0.3672
1759307058.8610651,y,222,213,-33.15554183021211,-9,10.8,1.2,0.3672
1759307058.8929346,y,221,213,-0.3846922260995065,-8,10.8,1.2,0.3672
1759307058.9159853,y,220,213,14.62970418282566,-7,10.8,1.2,0.3672
1759307058.9386911,y,219,213,25.508263446939715,-6,10.8,1.2,0.3672
1759307058.9537005,y,219,213,9.228111648559562,-6,10.8,1.2,0.3672
1759307058.9774072,y,218,213,35.37518026925314,-5,10.8,1.2,0.3672
1759307058.9917436,y,218,213,19.799853515625003,-5,10.8,1.2,0.3672
1759307059.0158563,y,218,213,19.65517730712891,-5,10.8,1.2,0.3672
1759307059.0282621,y,219,213,-20.83303087143718,-6,10.8,1.2,0.3672
1759307059.052143,y,220,213,-17.611012235410747,-7,10.8,1.2,0.3672
1759307059.0657058,y,220,213,-2.3486715316772546,-7,10.8,1.2,0.3672
1759307059.088019,y,220,213,-2.536101722717291,-7,10.8,1.2,0.3672
1759307059.1017854,y,220,213,-2.6517405509948873,-7,10.8,1.2,0.3672
1759307059.1369336,y,220,213,-2.9469849586486987,-7,10.8,1.2,0.3672
1759307059.1608896,y,219,213,23.008594273270283,-6,10.8,1.2,0.3672
1759307059.192189,y,219,213,7.4551760673522836,-6,10.8,1.2,0.3672
1759307059.2211657,y,218,213,30.75357570776558,-5,10.8,1.2,0.3672
1759307059.2353797,y,218,213,17.996031761169434,-5,10.8,1.2,0.3672
1759307059.25642,y,219,213,-10.407762289129806,-6,10.8,1.2,0.3672
1759307059.2712882,y,219,213,6.937490844726554,-6,10.8,1.2,0.3672
1759307059.2930427,y,220,213,-20.92451081949704,-7,10.8,1.2,0.3672
1759307059.3086426,y,220,213,-4.1762866973877095,-7,10.8,1.2,0.3672
1759307059.3420014,y,220,213,-4.4565007209778,-7,10.8,1.2,0.3672
1759307059.368893,y,220,213,-4.682389068603527,-7,10.8,1.2,0.3672
1759307059.3943841,y,219,213,20.339023877285403,-6,10.8,1.2,0.3672
1759307059.422176,y,219,213,5.733973503112779,-6,10.8,1.2,0.3672
1759307059.4376323,y,219,213,5.6226871490478345,-6,10.8,1.2,0.3672
1759307059.4592812,y,218,213,33.25440734363042,-5,10.8,1.2,0.3672
1759307059.4749691,y,219,213,-18.026670415892646,-6,10.8,1.2,0.3672
1759307059.498505,y,219,213,5.210381698608387,-6,10.8,1.2,0.3672
1759307059.515328,y,219,213,5.089257431030262,-6,10.8,1.2,0.3672
1759307059.5492613,y,219,213,4.844936943054179,-6,10.8,1.2,0.3672
1759307059.5732422,y,219,213,4.672274780273426,-6,10.8,1.2,0.3672
1759307059.5978205,y,220,213,-21.274171273016677,-7,10.8,1.2,0.3672
1759307059.6259391,y,220,213,-6.570379543304455,-7,10.8,1.2,0.3672
1759307059.6414886,y,220,213,-6.700994682312029,-7,10.8,1.2,0.3672
1759307059.662624,y,220,213,-6.8785314559936666,-7,10.8,1.2,0.3672
1759307059.6876903,y,219,213,18.390096832615107,-6,10.8,1.2,0.3672
1759307059.7038562,y,219,213,3.6245956420898295,-6,10.8,1.2,0.3672
1759307059.7261064,y,219,213,3.4643943786620923,-6,10.8,1.2,0.3672
1759307059.7467148,y,219,213,3.3160137176513587,-6,10.8,1.2,0.3672
1759307059.7708442,y,219,213,3.1422821044921676,-6,10.8,1.2,0.3672
1759307059.7863216,y,219,213,3.030844688415513,-6,10.8,1.2,0.3672
1759307059.808574,y,219,213,2.8706279754638473,-6,10.8,1.2,0.3672
1759307059.824136,y,219,213,2.7585811614990092,-6,10.8,1.2,0.3672
1759307059.8467777,y,220,213,-24.449501795043883,-7,10.8,1.2,0.3672
1759307059.862516,y,220,213,-8.363810062408461,-7,10.8,1.2,0.3672
1759307059.885827,y,220,213,-8.559623622894293,-7,10.8,1.2,0.3672
1759307059.904696,y,220,213,-8.718122577667245,-7,10.8,1.2,0.3672
1759307059.9259274,y,219,213,19.224139084153855,-6,10.8,1.2,0.3672
1759307059.946605,y,219,213,1.7801327705383159,-6,10.8,1.2,0.3672
1759307059.9705849,y,218,213,27.749076399517033,-5,10.8,1.2,0.3672
1759307059.987377,y,218,213,12.335501003265378,-5,10.8,1.2,0.3672
1759307060.0089293,y,218,213,12.206187057495114,-5,10.8,1.2,0.3672
1759307060.0231853,y,219,213,-24.45403096645633,-6,10.8,1.2,0.3672
1759307060.0490792,y,219,213,1.1171075820922738,-6,10.8,1.2,0.3672
1759307060.0632348,y,220,213,-35.742015413227236,-7,10.8,1.2,0.3672
1759307060.0863452,y,220,213,-9.995926952362069,-7,10.8,1.2,0.3672
1759307060.1043835,y,219,213,21.03091361090116,-6,10.8,1.2,0.3672
1759307060.1246862,y,218,213,29.438580631856876,-5,10.8,1.2,0.3672
1759307060.147596,y,217,213,38.07060094512791,-4,10.8,1.2,0.3672
1759307060.1833923,y,217,213,21.870591831207264,-4,10.8,1.2,0.3672
1759307060.207346,y,218,213,-4.402718743986542,-5,10.8,1.2,0.3672
1759307060.2375793,y,220,213,-35.21812005623005,-7,10.8,1.2,0.3672
1759307060.2596798,y,221,213,-38.55430229764086,-8,10.8,1.2,0.3672
1759307060.2769647,y,221,213,-22.105189704895025,-8,10.8,1.2,0.3672
1759307060.3018405,y,220,213,3.2471401686413035,-7,10.8,1.2,0.3672
1759307060.3156142,y,220,213,-11.6298460006714,-7,10.8,1.2,0.3672
1759307060.3385975,y,218,213,41.78587249732232,-5,10.8,1.2,0.3672
1759307060.3533542,y,218,213,9.743714046478267,-5,10.8,1.2,0.3672
1759307060.376671,y,218,213,9.60381288528442,-5,10.8,1.2,0.3672
1759307060.3911583,y,217,213,45.68067037215939,-4,10.8,1.2,0.3672
1759307060.4180562,y,218,213,-4.278733115363593,-5,10.8,1.2,0.3672
1759307060.4315238,y,219,213,-28.789617512754244,-6,10.8,1.2,0.3672
1759307060.4641135,y,220,213,-23.865205666583662,-7,10.8,1.2,0.3672
1759307060.4911435,y,221,213,-37.24223108457332,-8,10.8,1.2,0.3672
1759307060.5203712,y,220,213,-0.5394239638861862,-7,10.8,1.2,0.3672
1759307060.5515919,y,218,213,31.83271624473833,-5,10.8,1.2,0.3672
1759307060.565697,y,217,213,45.07530861047714,-4,10.8,1.2,0.3672
1759307060.586838,y,216,213,47.13508014149578,-3,10.8,1.2,0.3672
1759307060.6116295,y,216,213,29.67678050994872,-3,10.8,1.2,0.3672
1759307060.6258624,y,217,213,-6.990964874177177,-4,10.8,1.2,0.3672
1759307060.6489098,y,218,213,-8.062172164627631,-5,10.8,1.2,0.3672
1759307060.669255,y,219,213,-21.124780883789402,-6,10.8,1.2,0.3672
1759307060.6906579,y,219,213,-3.2304079055786303,-6,10.8,1.2,0.3672
1759307060.7081347,y,219,213,-3.356240844726578,-6,10.8,1.2,0.3672
1759307060.7316961,y,219,213,-3.52588348388673,-6,10.8,1.2,0.3672
1759307060.7497306,y,218,213,27.52693180252805,-5,10.8,1.2,0.3672
1759307060.7728176,y,218,213,7.027387619018555,-5,10.8,1.2,0.3672
1759307060.7901263,y,218,213,6.923535346984863,-5,10.8,1.2,0.3672
1759307060.8136597,y,217,213,33.21396747734065,-4,10.8,1.2,0.3672
1759307060.8265593,y,218,213,-21.732739335049263,-5,10.8,1.2,0.3672
1759307060.8506353,y,218,213,6.588721561431882,-5,10.8,1.2,0.3672
1759307060.868209,y,218,213,6.4832799911498995,-5,10.8,1.2,0.3672
1759307060.8889012,y,219,213,-22.211394845318722,-6,10.8,1.2,0.3672
1759307060.9121184,y,219,213,-4.632868766784682,-6,10.8,1.2,0.3672
1759307060.9357662,y,219,213,-4.803132820129406,-6,10.8,1.2,0.3672
1759307060.9497213,y,219,213,-4.9036096572876104,-6,10.8,1.2,0.3672
1759307060.9750383,y,218,213,20.248603331598368,-5,10.8,1.2,0.3672
1759307060.9894824,y,218,213,5.6578239440917955,-5,10.8,1.2,0.3672
1759307061.012404,y,217,213,32.36765096355123,-4,10.8,1.2,0.3672
1759307061.0276852,y,217,213,16.27445068359374,-4,10.8,1.2,0.3672
1759307061.0520408,y,217,213,16.157543563842765,-4,10.8,1.2,0.3672
1759307061.0794866,y,217,213,16.025803756713863,-4,10.8,1.2,0.3672
1759307061.1127853,y,218,213,-6.001435940169216,-5,10.8,1.2,0.3672
1759307061.1405418,y,218,213,4.859472656249999,-5,10.8,1.2,0.3672
1759307061.162169,y,219,213,-23.074872245115202,-6,10.8,1.2,0.3672
1759307061.184958,y,218,213,20.68005885162149,-5,10.8,1.2,0.3672
1759307061.198392,y,219,213,-33.663468306831064,-6,10.8,1.2,0.3672
1759307061.2197754,y,218,213,21.514096896411086,-5,10.8,1.2,0.3672
1759307061.2332456,y,218,213,4.261176395416257,-5,10.8,1.2,0.3672
1759307061.254309,y,217,213,32.393215165332315,-4,10.8,1.2,0.3672
1759307061.2813184,y,216,213,39.25806123316536,-3,10.8,1.2,0.3672
1759307061.3179207,y,217,213,4.654979652815316,-4,10.8,1.2,0.3672
1759307061.3461177,y,217,213,14.551801586151115,-4,10.8,1.2,0.3672
1759307061.3649926,y,219,213,-46.09294668751353,-6,10.8,1.2,0.3672
1759307061.3887107,y,220,213,-33.66516478466001,-7,10.8,1.2,0.3672
1759307061.4044304,y,220,213,-18.315374851226814,-7,10.8,1.2,0.3672
1759307061.4287846,y,220,213,-18.51995029449464,-7,10.8,1.2,0.3672
1759307061.4415703,y,219,213,20.907638350896335,-6,10.8,1.2,0.3672
1759307061.4661174,y,218,213,17.79970741072072,-5,10.8,1.2,0.3672
1759307061.4781222,y,217,213,44.170718616657965,-4,10.8,1.2,0.3672
1759307061.501981,y,217,213,13.468564796447751,-4,10.8,1.2,0.3672
1759307061.515304,y,216,213,51.78181985217423,-3,10.8,1.2,0.3672
1759307061.5386841,y,218,213,-28.931086037365237,-5,10.8,1.2,0.3672
1759307061.5548544,y,218,213,2.3832999229431167,-5,10.8,1.2,0.3672
1759307061.5880883,y,219,213,-19.704949382912787,-6,10.8,1.2,0.3672
1759307061.6150122,y,220,213,-33.32058752594787,-7,10.8,1.2,0.3672
1759307061.6431503,y,221,213,-43.8021645624777,-8,10.8,1.2,0.3672
1759307061.6708007,y,220,213,-6.904415867071233,-7,10.8,1.2,0.3672
1759307061.6849937,y,219,213,16.385078845758443,-6,10.8,1.2,0.3672
1759307061.7060628,y,218,213,18.615269767026835,-5,10.8,1.2,0.3672
1759307061.7214432,y,217,213,35.78760450466035,-4,10.8,1.2,0.3672
1759307061.7435923,y,217,213,11.806720161437987,-4,10.8,1.2,0.3672
1759307061.7590313,y,216,213,46.33501185033308,-3,10.8,1.2,0.3672
1759307061.7826014,y,217,213,-3.9410825175782698,-4,10.8,1.2,0.3672
1759307061.8002782,y,218,213,-20.041012621521315,-5,10.8,1.2,0.3672
1759307061.8228319,y,219,213,-26.511599243144442,-6,10.8,1.2,0.3672
1759307061.8373392,y,219,213,-10.33489665985109,-6,10.8,1.2,0.3672
1759307061.8596883,y,219,213,-10.495810317993175,-6,10.8,1.2,0.3672
1759307061.879111,y,219,213,-10.635654258728039,-6,10.8,1.2,0.3672
1759307061.9126377,y,218,213,10.915663929156967,-5,10.8,1.2,0.3672
1759307061.9399855,y,218,213,-0.20090103149414062,-5,10.8,1.2,0.3672
1759307061.9611282,y,218,213,-0.3277573585510254,-5,10.8,1.2,0.3672
1759307061.9857008,y,217,213,25.297761133067375,-4,10.8,1.2,0.3672
1759307061.9997625,y,217,213,10.286798000335686,-4,10.8,1.2,0.3672
1759307062.0227792,y,217,213,10.176317882537838,-4,10.8,1.2,0.3672
1759307062.0399172,y,217,213,10.094055461883542,-4,10.8,1.2,0.3672
1759307062.0667005,y,217,213,9.965495967864989,-4,10.8,1.2,0.3672
1759307062.0786998,y,217,213,9.907898998260492,-4,10.8,1.2,0.3672
1759307062.1022484,y,217,213,9.794865703582758,-4,10.8,1.2,0.3672
1759307062.1156068,y,217,213,9.73074560165405,-4,10.8,1.2,0.3672
1759307062.1382134,y,217,213,9.622233867645257,-4,10.8,1.2,0.3672
1759307062.1557422,y,217,213,9.538095760345456,-4,10.8,1.2,0.3672
1759307062.1891656,y,217,213,9.377663326263423,-4,10.8,1.2,0.3672
1759307062.217431,y,217,213,9.241989040374754,-4,10.8,1.2,0.3672
1759307062.249413,y,217,213,9.088475704193108,-4,10.8,1.2,0.3672
1759307062.271395,y,218,213,-18.548027014696824,-5,10.8,1.2,0.3672
1759307062.2888725,y,218,213,-1.9482810974121136,-5,10.8,1.2,0.3672
1759307062.311478,y,218,213,-2.083913612365727,-5,10.8,1.2,0.3672
1759307062.3301752,y,217,213,28.265578887247898,-4,10.8,1.2,0.3672
1759307062.3537052,y,217,213,8.513395500183101,-4,10.8,1.2,0.3672
1759307062.367102,y,217,213,8.44909114837646,-4,10.8,1.2,0.3672
1759307062.3909638,y,218,213,-17.882638061412877,-5,10.8,1.2,0.3672
1759307062.4061098,y,218,213,-2.584956264495851,-5,10.8,1.2,0.3672
1759307062.4277399,y,218,213,-2.7147365570068374,-5,10.8,1.2,0.3672
1759307062.440391,y,218,213,-2.7906437873840346,-5,10.8,1.2,0.3672
1759307062.4688423,y,218,213,-2.961351013183595,-5,10.8,1.2,0.3672
1759307062.4945107,y,218,213,-3.115361309051515,-5,10.8,1.2,0.3672
1759307062.5285733,y,217,213,18.301282345482996,-4,10.8,1.2,0.3672
1759307062.5521924,y,217,213,7.407766056060787,-4,10.8,1.2,0.3672
1759307062.5711908,y,217,213,7.316573810577388,-4,10.8,1.2,0.3672
1759307062.5924675,y,217,213,7.214445590972893,-4,10.8,1.2,0.3672
1759307062.6062346,y,217,213,7.148363971710204,-4,10.8,1.2,0.3672
1759307062.6297262,y,217,213,7.035604190826412,-4,10.8,1.2,0.3672
1759307062.6408904,y,217,213,6.982016086578362,-4,10.8,1.2,0.3672
1759307062.6646612,y,218,213,-19.408126659779263,-5,10.8,1.2,0.3672
1759307062.6761613,y,218,213,-4.029609489440922,-5,10.8,1.2,0.3672
1759307062.6992538,y,218,213,-4.1681645393371625,-5,10.8,1.2,0.3672
1759307062.7182255,y,218,213,-4.281994628906254,-5,10.8,1.2,0.3672
1759307062.739649,y,218,213,-4.410536098480229,-5,10.8,1.2,0.3672
1759307062.7582173,y,218,213,-4.521945762634282,-5,10.8,1.2,0.3672
1759307062.781481,y,217,213,21.950640920573925,-4,10.8,1.2,0.3672
1759307062.7996335,y,217,213,6.079256629943842,-4,10.8,1.2,0.3672
1759307062.822532,y,217,213,5.969344139099114,-4,10.8,1.2,0.3672
1759307062.8379068,y,217,213,5.895544624328608,-4,10.8,1.2,0.3672
1759307062.861454,y,217,213,5.782518196105954,-4,10.8,1.2,0.3672
1759307062.8755367,y,217,213,5.714921379089354,-4,10.8,1.2,0.3672
1759307062.899526,y,217,213,5.599773216247556,-4,10.8,1.2,0.3672
1759307062.9196188,y,217,213,5.503326988220209,-4,10.8,1.2,0.3672
1759307062.9408162,y,217,213,5.4015798568725515,-4,10.8,1.2,0.3672
1759307062.9612482,y,217,213,5.303506278991698,-4,10.8,1.2,0.3672
1759307062.985708,y,218,213,-20.65561657205297,-5,10.8,1.2,0.3672
1759307063.0014791,y,218,213,-5.73787965774536,-5,10.8,1.2,0.3672
1759307063.025593,y,218,213,-5.882563018798827,-5,10.8,1.2,0.3672
1759307063.0387995,y,218,213,-5.961801910400389,-5,10.8,1.2,0.3672
1759307063.0633855,y,218,213,-6.109317684173583,-5,10.8,1.2,0.3672
1759307063.088524,y,218,213,-6.2601493835449205,-5,10.8,1.2,0.3672
1759307063.121503,y,217,213,15.515905694388396,-4,10.8,1.2,0.3672
1759307063.1463313,y,217,213,4.262376022338863,-4,10.8,1.2,0.3672
1759307063.1738517,y,217,213,4.130278015136717,-4,10.8,1.2,0.3672
1759307063.1988428,y,217,213,4.010321044921874,-4,10.8,1.2,0.3672
1759307063.2111938,y,218,213,-36.594084546074455,-5,10.8,1.2,0.3672
1759307063.2358482,y,218,213,-7.011711502075194,-5,10.8,1.2,0.3672
1759307063.2501411,y,218,213,-7.097469234466551,-5,10.8,1.2,0.3672
1759307063.2707868,y,218,213,-7.2213429450988755,-5,10.8,1.2,0.3672
1759307063.2847495,y,218,213,-7.305119419097899,-5,10.8,1.2,0.3672
1759307063.3053699,y,217,213,21.20355749381424,-4,10.8,1.2,0.3672
1759307063.3211775,y,217,213,3.320026302337645,-4,10.8,1.2,0.3672
1759307063.3424482,y,217,213,3.217926692962642,-4,10.8,1.2,0.3672
1759307063.3603728,y,216,213,34.43927146653948,-3,10.8,1.2,0.3672
1759307063.3960607,y,216,213,13.82492179870605,-3,10.8,1.2,0.3672
1759307063.421691,y,217,213,-11.424932188065066,-4,10.8,1.2,0.3672
1759307063.4515967,y,218,213,-20.356094391811162,-5,10.8,1.2,0.3672
1759307063.4811225,y,219,213,-31.52672262781189,-6,10.8,1.2,0.3672
1759307063.4970927,y,218,213,14.606835856754163,-5,10.8,1.2,0.3672
1759307063.5201583,y,218,213,-8.524338340759279,-5,10.8,1.2,0.3672
1759307063.541478,y,217,213,19.39689270246726,-4,10.8,1.2,0.3672
1759307063.562366,y,217,213,2.0730646133422823,-4,10.8,1.2,0.3672
1759307063.5858104,y,217,213,1.96053142547607,-4,10.8,1.2,0.3672
1759307063.6015885,y,217,213,1.8847967147827092,-4,10.8,1.2,0.3672
1759307063.6237292,y,217,213,1.7785211563110295,-4,10.8,1.2,0.3672
1759307063.639813,y,217,213,1.7013193130493107,-4,10.8,1.2,0.3672
1759307063.661974,y,218,213,-25.8012909329266,-5,10.8,1.2,0.3672
1759307063.6826003,y,218,213,-9.355404567718509,-5,10.8,1.2,0.3672
1759307063.7056665,y,218,213,-9.493802261352542,-5,10.8,1.2,0.3672
1759307063.7265728,y,218,213,-9.619239521026614,-5,10.8,1.2,0.3672
1759307063.7523806,y,217,213,15.285107628492883,-4,10.8,1.2,0.3672
1759307063.769483,y,217,213,0.9747908592224093,-4,10.8,1.2,0.3672
1759307063.7933323,y,217,213,0.8603144645690861,-4,10.8,1.2,0.3672
1759307063.8084202,y,217,213,0.7878928184509206,-4,10.8,1.2,0.3672
1759307063.830836,y,217,213,0.6802966117858844,-4,10.8,1.2,0.3672
1759307063.843173,y,216,213,41.20008158561471,-3,10.8,1.2,0.3672
1759307063.8686225,y,216,213,11.344265270233144,-3,10.8,1.2,0.3672
1759307063.8836117,y,217,213,-24.025422793128218,-4,10.8,1.2,0.3672
1759307063.9055135,y,217,213,0.36718854904174236,-4,10.8,1.2,0.3672
1759307063.9337656,y,217,213,0.23157835006713157,-4,10.8,1.2,0.3672
1759307063.968324,y,218,213,-21.401295261909077,-5,10.8,1.2,0.3672
1759307063.983093,y,217,213,24.81609535262222,-4,10.8,1.2,0.3672
1759307064.0040276,y,218,213,-28.512625689978112,-5,10.8,1.2,0.3672
1759307064.0267446,y,218,213,-11.108572483062744,-5,10.8,1.2,0.3672
1759307064.0417106,y,218,213,-11.198368549346924,-5,10.8,1.2,0.3672
1759307064.0667193,y,218,213,-11.3484206199646,-5,10.8,1.2,0.3672
1759307064.0975955,y,217,213,11.196044532680293,-4,10.8,1.2,0.3672
1759307064.1342287,y,216,213,19.995173927536108,-3,10.8,1.2,0.3672
1759307064.1614666,y,216,213,9.873437690734853,-3,10.8,1.2,0.3672
1759307064.179716,y,215,213,40.75072515023528,-2,10.8,1.2,0.3672
1759307064.202457,y,216,213,-6.399388308096146,-3,10.8,1.2,0.3672
1759307064.2182665,y,216,213,9.690857505798334,-3,10.8,1.2,0.3672
1759307064.2401037,y,217,213,-18.029277282325815,-4,10.8,1.2,0.3672
1759307064.254806,y,218,213,-37.07782507389365,-5,10.8,1.2,0.3672
1759307064.2775402,y,218,213,-12.23858013153076,-5,10.8,1.2,0.3672
1759307064.2897837,y,218,213,-12.312041187286376,-5,10.8,1.2,0.3672
1759307064.3122778,y,218,213,-12.447005653381346,-5,10.8,1.2,0.3672
1759307064.3264835,y,217,213,24.133596581959416,-4,10.8,1.2,0.3672
1759307064.3500187,y,216,213,24.60220775821609,-3,10.8,1.2,0.3672
1759307064.3671694,y,216,213,8.938337802886956,-3,10.8,1.2,0.3672
1759307064.3882189,y,216,213,8.862559604644765,-3,10.8,1.2,0.3672
1759307064.4072952,y,216,213,8.793884754180901,-3,10.8,1.2,0.3672
1759307064.4297805,y,217,213,-18.44474566100766,-4,10.8,1.2,0.3672
1759307064.4500546,y,217,213,-2.2113604545593333,-4,10.8,1.2,0.3672
1759307064.4732363,y,217,213,-2.3226325035095243,-4,10.8,1.2,0.3672
1759307064.500298,y,217,213,-2.452528667449954,-4,10.8,1.2,0.3672
1759307064.5320551,y,217,213,-2.6049628257751536,-4,10.8,1.2,0.3672
1759307064.557662,y,217,213,-2.7278758049011245,-4,10.8,1.2,0.3672
1759307064.5841053,y,217,213,-2.8548033714294476,-4,10.8,1.2,0.3672
1759307064.60717,y,216,213,23.782490932256557,-3,10.8,1.2,0.3672
1759307064.6221411,y,216,213,7.808267498016349,-3,10.8,1.2,0.3672
1759307064.647044,y,216,213,7.718617343902579,-3,10.8,1.2,0.3672
1759307064.658813,y,216,213,7.676248741149898,-3,10.8,1.2,0.3672
1759307064.6843529,y,216,213,7.5843051910400305,-3,10.8,1.2,0.3672
1759307064.6980014,y,216,213,7.535170555114739,-3,10.8,1.2,0.3672
1759307064.7205024,y,217,213,-19.692114836296263,-4,10.8,1.2,0.3672
1759307064.734513,y,217,213,-3.4400854110717844,-4,10.8,1.2,0.3672
1759307064.7550614,y,217,213,-3.538717460632327,-4,10.8,1.2,0.3672
1759307064.7710605,y,217,213,-3.6155130386352567,-4,10.8,1.2,0.3672
1759307064.7922611,y,217,213,-3.717276191711427,-4,10.8,1.2,0.3672
1759307064.8122742,y,217,213,-3.8133390426635785,-4,10.8,1.2,0.3672
1759307064.836888,y,217,213,-3.931485557556158,-4,10.8,1.2,0.3672
1759307064.8512015,y,217,213,-4.000190162658697,-4,10.8,1.2,0.3672
1759307064.8744233,y,216,213,22.528986159225546,-3,10.8,1.2,0.3672
1759307064.8905911,y,216,213,6.6580072402954045,-3,10.8,1.2,0.3672
1759307064.9164076,y,216,213,6.565068054199209,-3,10.8,1.2,0.3672
1759307064.9283876,y,216,213,6.52193984985351,-3,10.8,1.2,0.3672
1759307064.9524715,y,216,213,6.43523797988891,-3,10.8,1.2,0.3672
1759307064.9700031,y,216,213,6.372124099731437,-3,10.8,1.2,0.3672
1759307064.9912703,y,216,213,6.29556226730346,-3,10.8,1.2,0.3672
1759307065.0099635,y,216,213,6.228266716003411,-3,10.8,1.2,0.3672
1759307065.03494,y,216,213,6.138351345062247,-3,10.8,1.2,0.3672
1759307065.0510342,y,217,213,-27.55456257299029,-4,10.8,1.2,0.3672
1759307065.0730531,y,217,213,-4.844591617584236,-4,10.8,1.2,0.3672
1759307065.089365,y,217,213,-4.922888660430914,-4,10.8,1.2,0.3672
1759307065.1120994,y,217,213,-5.0320137977600154,-4,10.8,1.2,0.3672
1759307065.1278026,y,217,213,-5.10738916397095,-4,10.8,1.2,0.3672
1759307065.1527677,y,216,213,20.311300509068616,-3,10.8,1.2,0.3672
1759307065.1708698,y,216,213,5.537568855285635,-3,10.8,1.2,0.3672
1759307065.1946182,y,215,213,31.742668403656857,-2,10.8,1.2,0.3672
1759307065.2240157,y,215,213,16.21001873016357,-2,10.8,1.2,0.3672
1759307065.2606063,y,216,213,-4.7570781530626896,-3,10.8,1.2,0.3672
1759307065.2875853,y,217,213,-19.261807758939227,-4,10.8,1.2,0.3672
1759307065.3140786,y,217,213,-5.77837429046631,-4,10.8,1.2,0.3672
1759307065.3409336,y,217,213,-5.907278251647952,-4,10.8,1.2,0.3672
1759307065.3743706,y,217,213,-6.0677759170532255,-4,10.8,1.2,0.3672
1759307065.3963115,y,216,213,21.38906886364194,-3,10.8,1.2,0.3672
1759307065.4102073,y,216,213,4.603211975097651,-3,10.8,1.2,0.3672
1759307065.4341476,y,216,213,4.517026805877677,-3,10.8,1.2,0.3672
1759307065.4504802,y,216,213,4.458229351043691,-3,10.8,1.2,0.3672
1759307065.4715073,y,216,213,4.382531833648677,-3,10.8,1.2,0.3672
1759307065.490023,y,216,213,4.315875720977779,-3,10.8,1.2,0.3672
1759307065.516061,y,217,213,-20.711481123625767,-4,10.8,1.2,0.3672
1759307065.5309489,y,217,213,-6.680568981170659,-4,10.8,1.2,0.3672
1759307065.5540285,y,217,213,-6.791351222991949,-4,10.8,1.2,0.3672
1759307065.5703657,y,217,213,-6.869769573211677,-4,10.8,1.2,0.3672
1759307065.5920384,y,217,213,-6.973798656463629,-4,10.8,1.2,0.3672
1759307065.608682,y,217,213,-7.053687572479255,-4,10.8,1.2,0.3672
1759307065.6338944,y,217,213,-7.174707698822026,-4,10.8,1.2,0.3672
1759307065.6508243,y,216,213,25.253826808186588,-3,10.8,1.2,0.3672
1759307065.6716905,y,216,213,3.4892266273498436,-3,10.8,1.2,0.3672
1759307065.6948445,y,216,213,3.40587215423583,-3,10.8,1.2,0.3672
1759307065.720118,y,216,213,3.31488733291625,-3,10.8,1.2,0.3672
1759307065.7346199,y,216,213,3.2626808166503807,-3,10.8,1.2,0.3672
1759307065.7586815,y,217,213,-22.913595143928504,-4,10.8,1.2,0.3672
1759307065.7723358,y,217,213,-7.71835556030274,-4,10.8,1.2,0.3672
1759307065.7962897,y,217,213,-7.833334350585943,-4,10.8,1.2,0.3672
1759307065.8100424,y,217,213,-7.899347305297859,-4,10.8,1.2,0.3672
1759307065.8345895,y,217,213,-8.017173385620119,-4,10.8,1.2,0.3672
1759307065.851879,y,217,213,-8.100162506103523,-4,10.8,1.2,0.3672
1759307065.8731675,y,217,213,-8.202347946166995,-4,10.8,1.2,0.3672
1759307065.8936856,y,216,213,20.420211902242123,-3,10.8,1.2,0.3672
1759307065.9179745,y,216,213,2.4363470077514577,-3,10.8,1.2,0.3672
1759307065.935345,y,216,213,2.3738133430480914,-3,10.8,1.2,0.3672
1759307065.9599764,y,216,213,2.285139942169181,-3,10.8,1.2,0.3672
1759307065.9746084,y,216,213,2.232464790344231,-3,10.8,1.2,0.3672
1759307065.9981396,y,217,213,-24.285299990275778,-4,10.8,1.2,0.3672
1759307066.0119479,y,217,213,-8.746764564514166,-4,10.8,1.2,0.3672
1759307066.0352955,y,217,213,-8.858833122253422,-4,10.8,1.2,0.3672
1759307066.0529315,y,217,213,-8.94348621368409,-4,10.8,1.2,0.3672
1759307066.0750835,y,217,213,-9.049815559387213,-4,10.8,1.2,0.3672
1759307066.0945654,y,216,213,20.528316456294608,-3,10.8,1.2,0.3672
1759307066.1191015,y,216,213,1.591719532012931,-3,10.8,1.2,0.3672
1759307066.1347504,y,216,213,1.5353837013244558,-3,10.8,1.2,0.3672
1759307066.1594806,y,216,213,1.446354961395258,-3,10.8,1.2,0.3672
1759307066.1730564,y,216,213,1.39748210906982,-3,10.8,1.2,0.3672
1759307066.2032583,y,216,213,1.288755226135244,-3,10.8,1.2,0.3672
1759307066.2270107,y,216,213,1.2032464027404686,-3,10.8,1.2,0.3672
1759307066.2605095,y,217,213,-20.719146115931984,-4,10.8,1.2,0.3672
1759307066.2844195,y,217,213,-9.872315883636482,-4,10.8,1.2,0.3672
1759307066.30108,y,217,213,-9.952286052703862,-4,10.8,1.2,0.3672
1759307066.3232586,y,217,213,-10.058743572235109,-4,10.8,1.2,0.3672
1759307066.339059,y,217,213,-10.134585857391365,-4,10.8,1.2,0.3672
1759307066.3626752,y,216,213,16.129127039128477,-3,10.8,1.2,0.3672
1759307066.375909,y,216,213,0.5327542304992576,-3,10.8,1.2,0.3672
1759307066.4054754,y,216,213,0.4263155937194725,-3,10.8,1.2,0.3672
1759307066.4320762,y,216,213,0.330552577972405,-3,10.8,1.2,0.3672
1759307066.4651134,y,215,213,22.166011533971933,-2,10.8,1.2,0.3672
1759307066.497977,y,216,213,-11.04049627481604,-3,10.8,1.2,0.3672
1759307066.510008,y,216,213,0.08964242935179811,-3,10.8,1.2,0.3672
1759307066.5338671,y,216,213,0.0037499427795353313,-3,10.8,1.2,0.3672
1759307066.5473576,y,217,213,-38.08028254580164,-4,10.8,1.2,0.3672
1759307066.5700126,y,217,213,-10.969748210906985,-4,10.8,1.2,0.3672
1759307066.5844934,y,217,213,-11.039256191253664,-4,10.8,1.2,0.3672
1759307066.6064675,y,217,213,-11.144731807708744,-4,10.8,1.2,0.3672
1759307066.622021,y,216,213,23.20814852757209,-3,10.8,1.2,0.3672
1759307066.6430862,y,215,213,27.780283381971895,-2,10.8,1.2,0.3672
1759307066.6600695,y,215,213,10.30795927047729,-2,10.8,1.2,0.3672
1759307066.684736,y,215,213,10.248759555816648,-2,10.8,1.2,0.3672
1759307066.7030952,y,215,213,10.20469751358032,-2,10.8,1.2,0.3672
1759307066.7408204,y,216,213,-10.464657420919014,-3,10.8,1.2,0.3672
1759307066.769281,y,216,213,-0.8335710525512781,-3,10.8,1.2,0.3672
1759307066.7962558,y,217,213,-25.375697073271866,-4,10.8,1.2,0.3672
1759307066.8178887,y,217,213,-11.866888618469243,-4,10.8,1.2,0.3672
1759307066.8397202,y,216,213,15.67424129857968,-3,10.8,1.2,0.3672
1759307066.857409,y,215,213,30.371020465370556,-2,10.8,1.2,0.3672
1759307066.8849163,y,215,213,9.546047401428218,-2,10.8,1.2,0.3672
1759307066.9004433,y,215,213,9.508782577514644,-2,10.8,1.2,0.3672
1759307066.923161,y,215,213,9.454260063171382,-2,10.8,1.2,0.3672
1759307066.9392734,y,216,213,-24.19374770171813,-3,10.8,1.2,0.3672
1759307066.9639637,y,216,213,-1.492629718780524,-3,10.8,1.2,0.3672
1759307066.9761202,y,217,213,-42.55707697076778,-4,10.8,1.2,0.3672
1759307067.0018814,y,217,213,-12.474634265899663,-4,10.8,1.2,0.3672
1759307067.0189197,y,216,213,19.815416205384256,-3,10.8,1.2,0.3672
1759307067.0404735,y,215,213,26.04877345120672,-2,10.8,1.2,0.3672
1759307067.0581276,y,214,213,40.590719707529104,-1,10.8,1.2,0.3672
1759307067.0842924,y,214,213,19.759715938568114,-1,10.8,1.2,0.3672
1759307067.10135,y,214,213,19.73924674987793,-1,10.8,1.2,0.3672
1759307067.1374955,y,216,213,-22.308787604478688,-3,10.8,1.2,0.3672
1759307067.1652446,y,217,213,-26.156952286757978,-4,10.8,1.2,0.3672
1759307067.1917615,y,217,213,-13.05135354995728,-4,10.8,1.2,0.3672
1759307067.216397,y,217,213,-13.16960420608521,-4,10.8,1.2,0.3672
1759307067.2329218,y,216,213,19.792064079440816,-3,10.8,1.2,0.3672
1759307067.2560945,y,216,213,-2.5125148773193438,-3,10.8,1.2,0.3672
1759307067.2710986,y,215,213,32.72469113529685,-2,10.8,1.2,0.3672
1759307067.2936487,y,215,213,8.197354888916013,-2,10.8,1.2,0.3672
1759307067.306589,y,215,213,8.166298484802244,-2,10.8,1.2,0.3672
1759307067.329875,y,215,213,8.110411834716793,-2,10.8,1.2,0.3672
1759307067.3426306,y,216,213,-31.522791460934048,-3,10.8,1.2,0.3672
1759307067.3680174,y,217,213,-28.121569008162552,-4,10.8,1.2,0.3672
1759307067.380985,y,217,213,-13.719609546661381,-4,10.8,1.2,0.3672
1759307067.404554,y,217,213,-13.832740116119389,-4,10.8,1.2,0.3672
1759307067.4327457,y,216,213,9.890831154653796,-3,10.8,1.2,0.3672
1759307067.468215,y,215,213,17.93325974777155,-2,10.8,1.2,0.3672
1759307067.4950054,y,214,213,32.05490690627731,-1,10.8,1.2,0.3672
1759307067.5140934,y,214,213,18.32558898925781,-1,10.8,1.2,0.3672
1759307067.5370386,y,215,213,-8.532850482360942,-2,10.8,1.2,0.3672
1759307067.5514536,y,215,213,7.435924530029293,-2,10.8,1.2,0.3672
1759307067.5730667,y,216,213,-20.431562236200776,-3,10.8,1.2,0.3672
1759307067.5889823,y,216,213,-3.4991789817810144,-3,10.8,1.2,0.3672
1759307067.6105697,y,216,213,-3.576893520355231,-3,10.8,1.2,0.3672
1759307067.6397321,y,216,213,-3.6818781852722218,-3,10.8,1.2,0.3672
1759307067.6759133,y,216,213,-3.812130546569829,-3,10.8,1.2,0.3672
1759307067.702556,y,216,213,-3.908043766021734,-3,10.8,1.2,0.3672
1759307067.7229593,y,215,213,24.840001697192914,-2,10.8,1.2,0.3672
1759307067.7430944,y,215,213,6.794663715362546,-2,10.8,1.2,0.3672
1759307067.7657824,y,215,213,6.740212726593015,-2,10.8,1.2,0.3672
1759307067.7840137,y,215,213,6.696457386016842,-2,10.8,1.2,0.3672
1759307067.8052204,y,215,213,6.645561504364011,-2,10.8,1.2,0.3672
1759307067.8310168,y,216,213,-18.481842532880833,-3,10.8,1.2,0.3672
1759307067.867482,y,216,213,-4.378580188751226,-3,10.8,1.2,0.3672
1759307067.891967,y,216,213,-4.466726589202889,-3,10.8,1.2,0.3672
1759307067.9184668,y,216,213,-4.562125682830818,-3,10.8,1.2,0.3672
1759307067.9418752,y,215,213,21.86836203674413,-2,10.8,1.2,0.3672
1759307067.9564052,y,215,213,6.1468222618103,-2,10.8,1.2,0.3672
1759307067.9798443,y,214,213,32.58477971352965,-1,10.8,1.2,0.3672
1759307067.9922538,y,214,213,16.903803920745847,-1,10.8,1.2,0.3672
1759307068.018058,y,214,213,16.872838783264157,-1,10.8,1.2,0.3672
1759307068.0322344,y,214,213,16.855827140808103,-1,10.8,1.2,0.3672
1759307068.0551732,y,216,213,-36.84247649022734,-3,10.8,1.2,0.3672
1759307068.0696433,y,216,213,-4.878844642639166,-3,10.8,1.2,0.3672
1759307068.0906017,y,216,213,-4.954294967651375,-3,10.8,1.2,0.3672
1759307068.1100752,y,216,213,-5.024399757385261,-3,10.8,1.2,0.3672
1759307068.1346483,y,216,213,-5.1128628730774,-3,10.8,1.2,0.3672
1759307068.151475,y,216,213,-5.173438739776618,-3,10.8,1.2,0.3672
1759307068.1736362,y,215,213,22.14284021366348,-2,10.8,1.2,0.3672
1759307068.1889381,y,215,213,5.536649608612059,-2,10.8,1.2,0.3672
1759307068.213484,y,215,213,5.477739429473875,-2,10.8,1.2,0.3672
1759307068.2257807,y,214,213,46.12471036027506,-1,10.8,1.2,0.3672
1759307068.2504017,y,215,213,-9.510198775062428,-2,10.8,1.2,0.3672
1759307068.264947,y,215,213,5.3689845085144015,-2,10.8,1.2,0.3672
1759307068.2879796,y,216,213,-21.456508379855304,-3,10.8,1.2,0.3672
1759307068.3064039,y,216,213,-5.580260467529303,-3,10.8,1.2,0.3672
1759307068.3438404,y,216,213,-5.715031814575202,-3,10.8,1.2,0.3672
1759307068.3673928,y,217,213,-32.21883948644893,-4,10.8,1.2,0.3672
1759307068.396737,y,217,213,-16.768936157226566,-4,10.8,1.2,0.3672
1759307068.4197092,y,216,213,9.932966848313988,-3,10.8,1.2,0.3672
1759307068.4333053,y,215,213,31.72356223218179,-2,10.8,1.2,0.3672
1759307068.4554954,y,214,213,32.037030103242586,-1,10.8,1.2,0.3672
1759307068.4708152,y,214,213,15.4707218170166,-1,10.8,1.2,0.3672
1759307068.492383,y,214,213,15.444840431213379,-1,10.8,1.2,0.3672
1759307068.5118613,y,215,213,-14.253634984347972,-2,10.8,1.2,0.3672
1759307068.5490139,y,216,213,-16.2192369058944,-3,10.8,1.2,0.3672
1759307068.5737715,y,216,213,-6.424784088134771,-3,10.8,1.2,0.3672
1759307068.6002326,y,216,213,-6.520044136047371,-3,10.8,1.2,0.3672
1759307068.6230865,y,215,213,20.29242039144456,-2,10.8,1.2,0.3672
1759307068.6392112,y,215,213,4.186407279968261,-2,10.8,1.2,0.3672
1759307068.6621377,y,215,213,4.131383514404295,-2,10.8,1.2,0.3672
1759307068.6794212,y,215,213,4.089903259277342,-2,10.8,1.2,0.3672
1759307068.7033622,y,215,213,4.032444763183591,-2,10.8,1.2,0.3672
1759307068.7180161,y,215,213,3.997275352478024,-2,10.8,1.2,0.3672
1759307068.7404957,y,216,213,-23.218509049070875,-3,10.8,1.2,0.3672
1759307068.7553256,y,216,213,-6.937038516998296,-3,10.8,1.2,0.3672
1759307068.777907,y,216,213,-7.0183313369751055,-3,10.8,1.2,0.3672
1759307068.7928076,y,217,213,-42.53301806391735,-4,10.8,1.2,0.3672
1759307068.8194718,y,217,213,-18.017843055725102,-4,10.8,1.2,0.3672
1759307068.8354402,y,216,213,15.720198168218456,-3,10.8,1.2,0.3672
1759307068.8585985,y,215,213,19.325169079501933,-2,10.8,1.2,0.3672
1759307068.8768609,y,214,213,34.354077509809684,-1,10.8,1.2,0.3672
1759307068.9040213,y,214,213,14.214583683013913,-1,10.8,1.2,0.3672
1759307068.918039,y,213,213,51.20981165818188,0,10.8,1.2,0.3672
1759307068.9417048,y,214,213,-1.3299637432310423,-1,10.8,1.2,0.3672
1759307068.9556878,y,215,213,-22.90781235304529,-2,10.8,1.2,0.3672
1759307068.9790976,y,216,213,-23.217359121537143,-3,10.8,1.2,0.3672
1759307068.9913945,y,216,213,-7.575918674469001,-3,10.8,1.2,0.3672
1759307069.0236151,y,217,213,-29.927012664836653,-4,10.8,1.2,0.3672
1759307069.0507872,y,217,213,-18.66100358963013,-4,10.8,1.2,0.3672
1759307069.0841868,y,215,213,24.847136608579685,-2,10.8,1.2,0.3672
1759307069.1126366,y,214,213,26.531654441047174,-1,10.8,1.2,0.3672
1759307069.1277385,y,213,213,48.73950348234315,0,10.8,1.2,0.3672
1759307069.1518807,y,213,213,24.4246976852417,0,10.8,1.2,0.3672
1759307069.1647928,y,213,213,24.4246976852417,0,10.8,1.2,0.3672
1759307069.187751,y,214,213,-2.397082718333623,-1,10.8,1.2,0.3672
1759307069.2023332,y,215,213,-22.419308973046945,-2,10.8,1.2,0.3672
1759307069.2233448,y,216,213,-25.58955951713885,-3,10.8,1.2,0.3672
1759307069.2393796,y,216,213,-8.171216583251958,-3,10.8,1.2,0.3672
1759307069.2622633,y,216,213,-8.25359773635865,-3,10.8,1.2,0.3672
1759307069.2796485,y,216,213,-8.316184616088872,-3,10.8,1.2,0.3672
1759307069.3033464,y,215,213,17.922015074709815,-2,10.8,1.2,0.3672
1759307069.3233864,y,215,213,2.378844451904296,-2,10.8,1.2,0.3672
1759307069.3572223,y,214,213,23.99062395099312,-1,10.8,1.2,0.3672
1759307069.38339,y,214,213,13.106840229034422,-1,10.8,1.2,0.3672
1759307069.4089065,y,214,213,13.076220417022704,-1,10.8,1.2,0.3672
1759307069.4327428,y,215,213,-13.186014325568298,-2,10.8,1.2,0.3672
1759307069.4512055,y,216,213,-28.536246437246614,-3,10.8,1.2,0.3672
1759307069.4745188,y,216,213,-8.731380271911629,-3,10.8,1.2,0.3672
1759307069.4891884,y,216,213,-8.784191036224371,-3,10.8,1.2,0.3672
1759307069.5139172,y,215,213,16.80555775176949,-2,10.8,1.2,0.3672
1759307069.5365896,y,215,213,1.9020461082458482,-2,10.8,1.2,0.3672
1759307069.564989,y,215,213,1.8338873863220186,-2,10.8,1.2,0.3672
1759307069.598609,y,214,213,23.515652490449995,-1,10.8,1.2,0.3672
1759307069.6205175,y,214,213,12.567253303527831,-1,10.8,1.2,0.3672
1759307069.6364386,y,215,213,-21.334667410812237,-2,10.8,1.2,0.3672
1759307069.6589394,y,215,213,1.67504081726074,-2,10.8,1.2,0.3672
1759307069.6761956,y,216,213,-30.46631613774351,-3,10.8,1.2,0.3672
1759307069.7009535,y,216,213,-9.276210021972663,-3,10.8,1.2,0.3672
1759307069.7199216,y,216,213,-9.344495201110846,-3,10.8,1.2,0.3672
1759307069.7582316,y,215,213,10.948512686731284,-2,10.8,1.2,0.3672
1759307069.7846534,y,214,213,26.029477085831616,-1,10.8,1.2,0.3672
1759307069.8092153,y,213,213,37.881848989594715,0,10.8,1.2,0.3672
1759307069.832054,y,213,213,22.93185453414917,0,10.8,1.2,0.3672
1759307069.8443766,y,213,213,22.93185453414917,0,10.8,1.2,0.3672
1759307069.8689578,y,215,213,-28.60363869306888,-2,10.8,1.2,0.3672
1759307069.8821747,y,215,213,1.2411389350891078,-2,10.8,1.2,0.3672
1759307069.9054956,y,216,213,-25.388340339962788,-3,10.8,1.2,0.3672
1759307069.9202368,y,216,213,-9.695884609222418,-3,10.8,1.2,0.3672
1759307069.9418423,y,216,213,-9.773664379119879,-3,10.8,1.2,0.3672
1759307069.9598382,y,216,213,-9.838449382781988,-3,10.8,1.2,0.3672
1759307069.9835517,y,215,213,16.38943047579963,-2,10.8,1.2,0.3672
1759307070.0009992,y,215,213,0.8627640724182122,-2,10.8,1.2,0.3672
1759307070.0271816,y,214,213,25.656026499260676,-1,10.8,1.2,0.3672
1759307070.0402262,y,214,213,11.615691661834717,-1,10.8,1.2,0.3672
1759307070.0659695,y,214,213,11.584799766540527,-1,10.8,1.2,0.3672
1759307070.0808837,y,214,213,11.56690263748169,-1,10.8,1.2,0.3672
1759307070.104245,y,215,213,-15.00753081485492,-2,10.8,1.2,0.3672
1759307070.1209528,y,216,213,-32.12694373803465,-3,10.8,1.2,0.3672
1759307070.1428626,y,216,213,-10.228187656402593,-3,10.8,1.2,0.3672
1759307070.161326,y,216,213,-10.29465579986573,-3,10.8,1.2,0.3672
1759307070.1853473,y,216,213,-10.38113279342652,-3,10.8,1.2,0.3672
1759307070.2004488,y,215,213,24.69819732011044,-2,10.8,1.2,0.3672
1759307070.2238638,y,214,213,26.83672125051239,-1,10.8,1.2,0.3672
1759307070.240355,y,214,213,11.134736251831054,-1,10.8,1.2,0.3672
1759307070.2649481,y,214,213,11.105224514007567,-1,10.8,1.2,0.3672
1759307070.2822418,y,214,213,11.084472084045409,-1,10.8,1.2,0.3672
1759307070.3044677,y,215,213,-16.290167828958104,-2,10.8,1.2,0.3672
1759307070.3215563,y,215,213,0.1901172637939439,-2,10.8,1.2,0.3672
1759307070.343453,y,215,213,0.13756542205810263,-2,10.8,1.2,0.3672
1759307070.3612115,y,215,213,0.09494476318359091,-2,10.8,1.2,0.3672
1759307070.386082,y,215,213,0.03525581359863139,-2,10.8,1.2,0.3672
1759307070.4035332,y,216,213,-31.8689977039631,-3,10.8,1.2,0.3672
1759307070.4284482,y,216,213,-10.91726274490357,-3,10.8,1.2,0.3672
1759307070.4552243,y,216,213,-11.013656616210945,-3,10.8,1.2,0.3672
1759307070.4877715,y,215,213,10.990294208839362,-2,10.8,1.2,0.3672
1759307070.5120769,y,215,213,-0.3501028060913107,-2,10.8,1.2,0.3672
1759307070.532939,y,214,213,28.026156684749548,-1,10.8,1.2,0.3672
1759307070.555839,y,214,213,10.397382545471189,-1,10.8,1.2,0.3672
1759307070.5705748,y,214,213,10.37969970703125,-1,10.8,1.2,0.3672
1759307070.5934067,y,214,213,10.352301406860349,-1,10.8,1.2,0.3672
1759307070.6086173,y,214,213,10.334048652648924,-1,10.8,1.2,0.3672
1759307070.6352699,y,215,213,-14.307198196078465,-2,10.8,1.2,0.3672
1759307070.659457,y,215,213,-0.5879665374755874,-2,10.8,1.2,0.3672
1759307070.6957083,y,216,213,-21.647761330376404,-3,10.8,1.2,0.3672
1759307070.72006,y,216,213,-11.606137847900396,-3,10.8,1.2,0.3672
1759307070.7382479,y,216,213,-11.671613788604741,-3,10.8,1.2,0.3672
1759307070.7600121,y,215,213,15.947834663448663,-2,10.8,1.2,0.3672
1759307070.7737877,y,215,213,-0.9569094657897956,-2,10.8,1.2,0.3672
1759307070.7996144,y,214,213,24.02994691114418,-1,10.8,1.2,0.3672
1759307070.8121927,y,214,213,9.797004604339598,-1,10.8,1.2,0.3672
1759307070.8437488,y,214,213,9.759137248992918,-1,10.8,1.2,0.3672
1759307070.871339,y,214,213,9.72602891921997,-1,10.8,1.2,0.3672
1759307070.9018393,y,214,213,9.689428710937499,-1,10.8,1.2,0.3672
1759307070.935503,y,215,213,-12.099240069513685,-2,10.8,1.2,0.3672
1759307070.9491649,y,216,213,-38.91828997921441,-3,10.8,1.2,0.3672
1759307070.967821,y,216,213,-12.10770864486695,-3,10.8,1.2,0.3672
1759307070.9914143,y,216,213,-12.192644977569586,-3,10.8,1.2,0.3672
1759307071.0075645,y,216,213,-12.250785827636726,-3,10.8,1.2,0.3672
1759307071.0308158,y,215,213,14.28607975563611,-2,10.8,1.2,0.3672
1759307071.049304,y,214,213,29.13257581684975,-1,10.8,1.2,0.3672
1759307071.071054,y,214,213,9.24512529373169,-1,10.8,1.2,0.3672
1759307071.0889685,y,214,213,9.223627853393552,-1,10.8,1.2,0.3672
1759307071.110225,y,213,213,37.29838702607963,0,10.8,1.2,0.3672
1759307071.1282628,y,214,213,-11.15527176851182,-1,10.8,1.2,0.3672
1759307071.1534305,y,215,213,-16.248547298920492,-2,10.8,1.2,0.3672
1759307071.169534,y,215,213,-1.69706840515137,-2,10.8,1.2,0.3672
1759307071.1937592,y,216,213,-27.742026956003766,-3,10.8,1.2,0.3672
1759307071.2084448,y,216,213,-12.637147521972661,-3,10.8,1.2,0.3672
1759307071.2313554,y,215,213,14.135386237633174,-2,10.8,1.2,0.3672
1759307071.2499657,y,215,213,-1.9367975234985373,-2,10.8,1.2,0.3672
1759307071.2707734,y,214,213,26.485509908695565,-1,10.8,1.2,0.3672
1759307071.2916107,y,214,213,8.813228416442868,-1,10.8,1.2,0.3672
1759307071.3135312,y,213,213,36.364715008931526,0,10.8,1.2,0.3672
1759307071.3320782,y,213,213,19.61322841644287,0,10.8,1.2,0.3672
1759307071.3552506,y,214,213,-7.061031117038036,-1,10.8,1.2,0.3672
1759307071.3711886,y,215,213,-25.092043923646024,-2,10.8,1.2,0.3672
1759307071.3934648,y,215,213,-2.1062925338745124,-2,10.8,1.2,0.3672
1759307071.409319,y,216,213,-36.12453898054779,-3,10.8,1.2,0.3672
1759307071.4361308,y,216,213,-13.059889984130866,-3,10.8,1.2,0.3672
1759307071.46354,y,215,213,11.071233001325572,-2,10.8,1.2,0.3672
1759307071.4995258,y,214,213,18.6351957508565,-1,10.8,1.2,0.3672
1759307071.522676,y,213,213,35.09277498923041,0,10.8,1.2,0.3672
1759307071.5445435,y,213,213,19.2311448097229,0,10.8,1.2,0.3672
1759307071.568629,y,214,213,-6.843431321095835,-1,10.8,1.2,0.3672
1759307071.5818517,y,215,213,-30.199929152683517,-2,10.8,1.2,0.3672
1759307071.6046777,y,215,213,-2.4842745780944853,-2,10.8,1.2,0.3672
1759307071.6193635,y,215,213,-2.51952066421509,-2,10.8,1.2,0.3672
1759307071.6411119,y,216,213,-30.281889465383863,-3,10.8,1.2,0.3672
1759307071.6714017,y,216,213,-13.50685815811158,-3,10.8,1.2,0.3672
1759307071.7022645,y,215,213,9.116886663603307,-2,10.8,1.2,0.3672
1759307071.7378516,y,213,213,39.455778508532404,0,10.8,1.2,0.3672
1759307071.7554975,y,213,213,18.819071102142335,0,10.8,1.2,0.3672
1759307071.7734556,y,213,213,18.819071102142335,0,10.8,1.2,0.3672
1759307071.7987747,y,213,213,18.819071102142335,0,10.8,1.2,0.3672
1759307071.8137798,y,214,213,-16.47059558864694,-1,10.8,1.2,0.3672
1759307071.836023,y,215,213,-19.360689391283206,-2,10.8,1.2,0.3672
1759307071.85695,y,215,213,-2.9025435447692907,-2,10.8,1.2,0.3672
1759307071.8795958,y,215,213,-2.9568932533264167,-2,10.8,1.2,0.3672
1759307071.8953946,y,215,213,-2.994810390472413,-2,10.8,1.2,0.3672
1759307071.9199367,y,214,213,22.737788009065337,-1,10.8,1.2,0.3672
1759307071.936204,y,214,213,7.756218338012694,-1,10.8,1.2,0.3672
1759307071.9713793,y,214,213,7.714007949829099,-1,10.8,1.2,0.3672
1759307071.9992492,y,214,213,7.680564022064207,-1,10.8,1.2,0.3672
1759307072.029682,y,214,213,7.6440447807312,-1,10.8,1.2,0.3672
1759307072.0536678,y,215,213,-18.522539110190436,-2,10.8,1.2,0.3672
1759307072.068862,y,215,213,-3.2499873161315946,-2,10.8,1.2,0.3672
