1759307763.183092,y,104,213,60,109,10.8,79.4118,0.3672
1759307763.21108,y,104,213,60,109,10.8,79.4118,0.3672
1759307763.233623,y,104,213,60,109,10.8,79.4118,0.3672
1759307763.2575016,y,104,213,60,109,10.8,79.4118,0.3672
1759307763.2797449,y,105,213,60,108,10.8,79.4118,0.3672
1759307763.3037622,y,106,213,60,107,10.8,79.4118,0.3672
1759307763.3292828,y,106,213,60,107,10.8,79.4118,0.3672
1759307763.3504515,y,107,213,60,106,10.8,79.4118,0.3672
1759307763.375252,y,108,213,60,105,10.8,79.4118,0.3672
1759307763.3989663,y,108,213,60,105,10.8,79.4118,0.3672
1759307763.4221897,y,110,213,60,103,10.8,79.4118,0.3672
1759307763.4451952,y,111,213,60,102,10.8,79.4118,0.3672
1759307763.4681911,y,112,213,60,101,10.8,79.4118,0.3672
1759307763.4944162,y,114,213,60,99,10.8,79.4118,0.3672
1759307763.5155356,y,116,213,60,97,10.8,79.4118,0.3672
1759307763.5409374,y,117,213,60,96,10.8,79.4118,0.3672
1759307763.5635114,y,119,213,60,94,10.8,79.4118,0.3672
1759307763.5852063,y,120,213,60,93,10.8,79.4118,0.3672
1759307763.6096406,y,122,213,60,91,10.8,79.4118,0.3672
1759307763.6334224,y,124,213,60,89,10.8,79.4118,0.3672
1759307763.6574163,y,125,213,60,88,10.8,79.4118,0.3672
1759307763.67927,y,128,213,60,85,10.8,79.4118,0.3672
1759307763.7032971,y,129,213,60,84,10.8,79.4118,0.3672
1759307763.7279055,y,131,213,60,82,10.8,79.4118,0.3672
1759307763.7499797,y,133,213,60,80,10.8,79.4118,0.3672
1759307763.7653706,y,133,213,60,80,10.8,79.4118,0.3672
1759307763.789931,y,136,213,60,77,10.8,79.4118,0.3672
1759307763.8085961,y,138,213,60,75,10.8,79.4118,0.3672
1759307763.8327312,y,141,213,60,72,10.8,79.4118,0.3672
1759307763.8471982,y,141,213,60,72,10.8,79.4118,0.3672
1759307763.8711216,y,144,213,60,69,10.8,79.4118,0.3672
1759307763.8826754,y,145,213,60,68,10.8,79.4118,0.3672
1759307763.9055448,y,146,213,60,67,10.8,79.4118,0.3672
1759307763.9240549,y,148,213,60,65,10.8,79.4118,0.3672
1759307763.9456952,y,150,213,60,63,10.8,79.4118,0.3672
1759307763.9641597,y,151,213,60,62,10.8,79.4118,0.3672
1759307763.988655,y,153,213,60,60,10.8,79.4118,0.3672
1759307764.0073612,y,155,213,60,58,10.8,79.4118,0.3672
1759307764.0309486,y,156,213,60,57,10.8,79.4118,0.3672
1759307764.0460374,y,158,213,60,55,10.8,79.4118,0.3672
1759307764.068228,y,160,213,60,53,10.8,79.4118,0.3672
1759307764.083022,y,161,213,60,52,10.8,79.4118,0.3672
1759307764.1064904,y,162,213,60,51,10.8,79.4118,0.3672
1759307764.1293695,y,165,213,60,48,10.8,79.4118,0.3672
1759307764.16239,y,167,213,60,46,10.8,79.4118,0.3672
1759307764.1871428,y,169,213,60,44,10.8,79.4118,0.3672
1759307764.216019,y,172,213,60,41,10.8,79.4118,0.3672
1759307764.2417972,y,175,213,60,38,10.8,79.4118,0.3672
1759307764.2543468,y,176,213,60,37,10.8,79.4118,0.3672
1759307764.2775345,y,178,213,60,35,10.8,79.4118,0.3672
1759307764.2918973,y,179,213,60,34,10.8,79.4118,0.3672
1759307764.313497,y,181,213,60,32,10.8,79.4118,0.3672
1759307764.32866,y,182,213,60,31,10.8,79.4118,0.3672
1759307764.3498187,y,184,213,60,29,10.8,79.4118,0.3672
1759307764.3691735,y,185,213,60,28,10.8,79.4118,0.3672
1759307764.3934577,y,187,213,60,26,10.8,79.4118,0.3672
1759307764.4089057,y,188,213,60,25,10.8,79.4118,0.3672
1759307764.431371,y,191,213,60,22,10.8,79.4118,0.3672
1759307764.4469447,y,193,213,60,20,10.8,79.4118,0.3672
1759307764.4707763,y,194,213,60,19,10.8,79.4118,0.3672
1759307764.4845994,y,196,213,60,17,10.8,79.4118,0.3672
1759307764.5099025,y,198,213,60,15,10.8,79.4118,0.3672
1759307764.531547,y,199,213,60,14,10.8,79.4118,0.3672
1759307764.5575037,y,201,213,60,12,10.8,79.4118,0.3672
1759307764.5772283,y,203,213,60,10,10.8,79.4118,0.3672
1759307764.6018856,y,206,213,60,7,10.8,79.4118,0.3672
1759307764.6173224,y,207,213,60,6,10.8,79.4118,0.3672
1759307764.6428814,y,209,213,60,4,10.8,79.4118,0.3672
1759307764.6564205,y,211,213,60,2,10.8,79.4118,0.3672
1759307764.679342,y,212,213,60,1,10.8,79.4118,0.3672
1759307764.6934497,y,214,213,60,-1,10.8,79.4118,0.3672
1759307764.7148612,y,216,213,60,-3,10.8,79.4118,0.3672
1759307764.7331228,y,217,213,60,-4,10.8,79.4118,0.3672
1759307764.7660885,y,219,213,60,-6,10.8,79.4118,0.3672
1759307764.7916164,y,222,213,60,-9,10.8,79.4118,0.3672
1759307764.821446,y,224,213,60,-11,10.8,79.4118,0.3672
1759307764.8472888,y,228,213,60,-15,10.8,79.4118,0.3672
1759307764.8625255,y,230,213,60,-17,10.8,79.4118,0.3672
1759307764.8859577,y,231,213,60,-18,10.8,79.4118,0.3672
1759307764.9020958,y,233,213,60,-20,10.8,79.4118,0.3672
1759307764.9278097,y,235,213,60,-22,10.8,79.4118,0.3672
1759307764.9447381,y,236,213,60,-23,10.8,79.4118,0.3672
1759307764.9804177,y,239,213,60,-26,10.8,79.4118,0.3672
1759307765.0058136,y,241,213,60,-28,10.8,79.4118,0.3672
1759307765.031423,y,244,213,60,-31,10.8,79.4118,0.3672
1759307765.0539668,y,247,213,60,-34,10.8,79.4118,0.3672
1759307765.0772724,y,249,213,60,-36,10.8,79.4118,0.3672
1759307765.0930688,y,250,213,60,-37,10.8,79.4118,0.3672
1759307765.1137807,y,253,213,60,-40,10.8,79.4118,0.3672
1759307765.1332724,y,254,213,60,-41,10.8,79.4118,0.3672
1759307765.1638196,y,257,213,60,-44,10.8,79.4118,0.3672
1759307765.1910167,y,259,213,60,-46,10.8,79.4118,0.3672
1759307765.223898,y,262,213,60,-49,10.8,79.4118,0.3672
1759307765.249481,y,263,213,60,-50,10.8,79.4118,0.3672
1759307765.2673151,y,267,213,60,-54,10.8,79.4118,0.3672
1759307765.2925253,y,270,213,60,-57,10.8,79.4118,0.3672
1759307765.3083632,y,271,213,60,-58,10.8,79.4118,0.3672
1759307765.332412,y,273,213,60,-60,10.8,79.4118,0.3672
1759307765.3467221,y,274,213,60,-61,10.8,79.4118,0.3672
1759307765.3706243,y,276,213,60,-63,10.8,79.4118,0.3672
1759307765.3823168,y,277,213,60,-64,10.8,79.4118,0.3672
1759307765.4059794,y,279,213,60,-66,10.8,79.4118,0.3672
1759307765.4179573,y,281,213,60,-68,10.8,79.4118,0.3672
1759307765.4423676,y,283,213,60,-70,10.8,79.4118,0.3672
1759307765.462568,y,285,213,60,-72,10.8,79.4118,0.3672
1759307765.495721,y,287,213,60,-74,10.8,79.4118,0.3672
1759307765.521486,y,289,213,60,-76,10.8,79.4118,0.3672
1759307765.549117,y,291,213,60,-78,10.8,79.4118,0.3672
1759307765.5718,y,295,213,60,-82,10.8,79.4118,0.3672
1759307765.5843384,y,296,213,60,-83,10.8,79.4118,0.3672
1759307765.607716,y,298,213,60,-85,10.8,79.4118,0.3672
1759307765.62034,y,299,213,60,-86,10.8,79.4118,0.3672
1759307765.6444893,y,301,213,60,-88,10.8,79.4118,0.3672
1759307765.662522,y,303,213,60,-90,10.8,79.4118,0.3672
1759307765.6866064,y,305,213,60,-92,10.8,79.4118,0.3672
1759307765.7052057,y,306,213,60,-93,10.8,79.4118,0.3672
1759307765.7287364,y,309,213,60,-96,10.8,79.4118,0.3672
1759307765.7508175,y,310,213,60,-97,10.8,79.4118,0.3672
1759307765.7770314,y,313,213,60,-100,10.8,79.4118,0.3672
1759307765.7939076,y,314,213,60,-101,10.8,79.4118,0.3672
1759307765.826355,y,317,213,60,-104,10.8,79.4118,0.3672
1759307765.8442144,y,318,213,60,-105,10.8,79.4118,0.3672
1759307765.867572,y,321,213,60,-108,10.8,79.4118,0.3672
1759307765.9015393,y,323,213,60,-110,10.8,79.4118,0.3672
1759307765.9221778,y,326,213,60,-113,10.8,79.4118,0.3672
1759307765.943958,y,328,213,60,-115,10.8,79.4118,0.3672
1759307765.9575016,y,329,213,60,-116,10.8,79.4118,0.3672
1759307765.9793916,y,332,213,60,-119,10.8,79.4118,0.3672
1759307765.9946537,y,333,213,60,-120,10.8,79.4118,0.3672
1759307766.015663,y,334,213,60,-121,10.8,79.4118,0.3672
1759307766.0309124,y,335,213,60,-122,10.8,79.4118,0.3672
1759307766.0546327,y,338,213,60,-125,10.8,79.4118,0.3672
1759307766.0702097,y,340,213,60,-127,10.8,79.4118,0.3672
1759307766.0935605,y,341,213,60,-128,10.8,79.4118,0.3672
1759307766.111019,y,344,213,-60,-131,10.8,79.4118,0.3672
1759307766.1321602,y,346,213,-60,-133,10.8,79.4118,0.3672
1759307766.1617239,y,347,213,-60,-134,10.8,79.4118,0.3672
1759307766.1990156,y,346,213,-60,-133,10.8,79.4118,0.3672
1759307766.2250896,y,343,213,-60,-130,10.8,79.4118,0.3672
1759307766.2441561,y,340,213,-60,-127,10.8,79.4118,0.3672
1759307766.2659664,y,338,213,-60,-125,10.8,79.4118,0.3672
1759307766.282162,y,337,213,-60,-124,10.8,79.4118,0.3672
1759307766.3055706,y,335,213,-60,-122,10.8,79.4118,0.3672
1759307766.322165,y,333,213,-60,-120,10.8,79.4118,0.3672
1759307766.3457522,y,329,213,-60,-116,10.8,79.4118,0.3672
1759307766.361045,y,328,213,-60,-115,10.8,79.4118,0.3672
1759307766.3841772,y,327,213,-60,-114,10.8,79.4118,0.3672
1759307766.3993716,y,324,213,-60,-111,10.8,79.4118,0.3672
1759307766.4255786,y,321,213,-60,-108,10.8,79.4118,0.3672
1759307766.4477077,y,319,213,-60,-106,10.8,79.4118,0.3672
1759307766.4717774,y,317,213,-60,-104,10.8,79.4118,0.3672
1759307766.4958546,y,315,213,-60,-102,10.8,79.4118,0.3672
1759307766.5189416,y,312,213,-60,-99,10.8,79.4118,0.3672
1759307766.5438135,y,309,213,-60,-96,10.8,79.4118,0.3672
1759307766.5672388,y,307,213,-60,-94,10.8,79.4118,0.3672
1759307766.5930617,y,304,213,-60,-91,10.8,79.4118,0.3672
1759307766.6148434,y,302,213,-60,-89,10.8,79.4118,0.3672
1759307766.637251,y,299,213,-60,-86,10.8,79.4118,0.3672
1759307766.662094,y,296,213,-60,-83,10.8,79.4118,0.3672
1759307766.684067,y,294,213,-60,-81,10.8,79.4118,0.3672
1759307766.7090483,y,292,213,-60,-79,10.8,79.4118,0.3672
1759307766.7311444,y,289,213,-60,-76,10.8,79.4118,0.3672
1759307766.7534423,y,287,213,-60,-74,10.8,79.4118,0.3672
1759307766.7770255,y,284,213,-60,-71,10.8,79.4118,0.3672
1759307766.7997398,y,282,213,-60,-69,10.8,79.4118,0.3672
1759307766.8229623,y,281,213,-60,-68,10.8,79.4118,0.3672
1759307766.8471975,y,278,213,-60,-65,10.8,79.4118,0.3672
1759307766.8699489,y,275,213,-60,-62,10.8,79.4118,0.3672
1759307766.892777,y,273,213,-60,-60,10.8,79.4118,0.3672
1759307766.9154892,y,270,213,-60,-57,10.8,79.4118,0.3672
1759307766.937912,y,268,213,-60,-55,10.8,79.4118,0.3672
1759307766.9612732,y,266,213,-60,-53,10.8,79.4118,0.3672
1759307766.9831526,y,264,213,-60,-51,10.8,79.4118,0.3672
1759307767.0058353,y,261,213,-60,-48,10.8,79.4118,0.3672
1759307767.0287929,y,258,213,-60,-45,10.8,79.4118,0.3672
1759307767.0520632,y,257,213,-60,-44,10.8,79.4118,0.3672
1759307767.0770593,y,253,213,-60,-40,10.8,79.4118,0.3672
1759307767.0990381,y,250,213,-60,-37,10.8,79.4118,0.3672
1759307767.122851,y,249,213,-60,-36,10.8,79.4118,0.3672
1759307767.1458137,y,245,213,-60,-32,10.8,79.4118,0.3672
1759307767.1680307,y,243,213,-60,-30,10.8,79.4118,0.3672
1759307767.1924837,y,240,213,-60,-27,10.8,79.4118,0.3672
1759307767.2166433,y,238,213,-60,-25,10.8,79.4118,0.3672
1759307767.2415385,y,234,213,-60,-21,10.8,79.4118,0.3672
1759307767.2753403,y,232,213,-60,-19,10.8,79.4118,0.3672
1759307767.3093283,y,229,213,-60,-16,10.8,79.4118,0.3672
1759307767.3427906,y,226,213,-60,-13,10.8,79.4118,0.3672
1759307767.3640556,y,222,213,-60,-9,10.8,79.4118,0.3672
1759307767.390917,y,219,213,-60,-6,10.8,79.4118,0.3672
1759307767.4140575,y,218,213,-60,-5,10.8,79.4118,0.3672
1759307767.4358568,y,216,213,-60,-3,10.8,79.4118,0.3672
1759307767.4524043,y,215,213,-60,-2,10.8,79.4118,0.3672
1759307767.4896474,y,210,213,-60,3,10.8,79.4118,0.3672
1759307767.513098,y,210,213,-60,3,10.8,79.4118,0.3672
1759307767.5404096,y,206,213,-60,7,10.8,79.4118,0.3672
1759307767.56376,y,202,213,-60,11,10.8,79.4118,0.3672
1759307767.5802882,y,201,213,-60,12,10.8,79.4118,0.3672
1759307767.6027305,y,198,213,-60,15,10.8,79.4118,0.3672
1759307767.6194348,y,197,213,-60,16,10.8,79.4118,0.3672
1759307767.6444263,y,195,213,-60,18,10.8,79.4118,0.3672
1759307767.6591396,y,193,213,-60,20,10.8,79.4118,0.3672
1759307767.70613,y,191,213,-60,22,10.8,79.4118,0.3672
1759307767.7313097,y,187,213,-60,26,10.8,79.4118,0.3672
1759307767.7612238,y,184,213,-60,29,10.8,79.4118,0.3672
1759307767.7879333,y,182,213,-60,31,10.8,79.4118,0.3672
1759307767.8218567,y,178,213,-60,35,10.8,79.4118,0.3672
1759307767.8482044,y,174,213,-60,39,10.8,79.4118,0.3672
1759307767.8732715,y,173,213,-60,40,10.8,79.4118,0.3672
1759307767.8941963,y,169,213,-60,44,10.8,79.4118,0.3672
1759307767.9153461,y,168,213,-60,45,10.8,79.4118,0.3672
1759307767.9354455,y,165,213,-60,48,10.8,79.4118,0.3672
1759307767.9698822,y,163,213,-60,50,10.8,79.4118,0.3672
1759307767.9938128,y,160,213,-60,53,10.8,79.4118,0.3672
1759307768.0242655,y,158,213,-60,55,10.8,79.4118,0.3672
1759307768.0544887,y,154,213,-60,59,10.8,79.4118,0.3672
1759307768.0701346,y,152,213,-60,61,10.8,79.4118,0.3672
1759307768.0940142,y,151,213,-60,62,10.8,79.4118,0.3672
1759307768.1182137,y,149,213,-60,64,10.8,79.4118,0.3672
1759307768.1358356,y,146,213,-60,67,10.8,79.4118,0.3672
1759307768.1596296,y,144,213,-60,69,10.8,79.4118,0.3672
1759307768.1771834,y,142,213,-60,71,10.8,79.4118,0.3672
1759307768.199472,y,140,213,-60,73,10.8,79.4118,0.3672
1759307768.2134507,y,139,213,-60,74,10.8,79.4118,0.3672
1759307768.238093,y,136,213,-60,77,10.8,79.4118,0.3672
1759307768.2519236,y,135,213,-60,78,10.8,79.4118,0.3672
1759307768.2756238,y,132,213,-60,81,10.8,79.4118,0.3672
1759307768.29344,y,131,213,-60,82,10.8,79.4118,0.3672
1759307768.3146389,y,129,213,-60,84,10.8,79.4118,0.3672
1759307768.334332,y,127,213,-60,86,10.8,79.4118,0.3672
1759307768.3594484,y,125,213,-60,88,10.8,79.4118,0.3672
1759307768.374595,y,123,213,-60,90,10.8,79.4118,0.3672
1759307768.398237,y,120,213,-60,93,10.8,79.4118,0.3672
1759307768.4143584,y,119,213,-60,94,10.8,79.4118,0.3672
1759307768.4391866,y,118,213,-60,95,10.8,79.4118,0.3672
1759307768.4524324,y,116,213,-60,97,10.8,79.4118,0.3672
1759307768.4885452,y,115,213,-60,98,10.8,79.4118,0.3672
1759307768.553951,y,112,213,-60,101,10.8,79.4118,0.3672
1759307768.5818353,y,109,213,40.77456397998375,104,10.8,79.4118,0.3672
1759307768.6072059,y,107,213,60,106,10.8,79.4118,0.3672
1759307768.6279352,y,107,213,60,106,10.8,79.4118,0.3672
1759307768.6564448,y,106,213,60,107,10.8,79.4118,0.3672
1759307768.6751509,y,107,213,60,106,10.8,79.4118,0.3672
1759307768.6995008,y,108,213,60,105,10.8,79.4118,0.3672
1759307768.7349389,y,110,213,60,103,10.8,79.4118,0.3672
1759307768.7475672,y,110,213,60,103,10.8,79.4118,0.3672
1759307768.7711754,y,112,213,60,101,10.8,79.4118,0.3672
1759307768.783402,y,112,213,60,101,10.8,79.4118,0.3672
1759307768.808727,y,115,213,60,98,10.8,79.4118,0.3672
1759307768.821709,y,115,213,60,98,10.8,79.4118,0.3672
1759307768.8449275,y,117,213,60,96,10.8,79.4118,0.3672
1759307768.8587384,y,119,213,60,94,10.8,79.4118,0.3672
1759307768.8801308,y,120,213,60,93,10.8,79.4118,0.3672
1759307768.896715,y,122,213,60,91,10.8,79.4118,0.3672
1759307768.919959,y,123,213,60,90,10.8,79.4118,0.3672
1759307768.9416394,y,126,213,60,87,10.8,79.4118,0.3672
1759307768.9673405,y,128,213,60,85,10.8,79.4118,0.3672
1759307768.9807518,y,129,213,60,84,10.8,79.4118,0.3672
1759307769.0053005,y,131,213,60,82,10.8,79.4118,0.3672
1759307769.0173001,y,132,213,60,81,10.8,79.4118,0.3672
1759307769.041459,y,134,213,60,79,10.8,79.4118,0.3672
1759307769.057282,y,135,213,60,78,10.8,79.4118,0.3672
1759307769.079154,y,138,213,60,75,10.8,79.4118,0.3672
1759307769.0979257,y,139,213,60,74,10.8,79.4118,0.3672
1759307769.120481,y,142,213,60,71,10.8,79.4118,0.3672
1759307769.1387925,y,143,213,60,70,10.8,79.4118,0.3672
1759307769.163221,y,144,213,60,69,10.8,79.4118,0.3672
1759307769.1808035,y,147,213,60,66,10.8,79.4118,0.3672
1759307769.2040493,y,149,213,60,64,10.8,79.4118,0.3672
1759307769.2173223,y,150,213,60,63,10.8,79.4118,0.3672
1759307769.2425575,y,152,213,60,61,10.8,79.4118,0.3672
1759307769.2612817,y,154,213,60,59,10.8,79.4118,0.3672
1759307769.283096,y,156,213,60,57,10.8,79.4118,0.3672
1759307769.3016467,y,158,213,60,55,10.8,79.4118,0.3672
1759307769.3260634,y,160,213,60,53,10.8,79.4118,0.3672
1759307769.342599,y,161,213,60,52,10.8,79.4118,0.3672
1759307769.3684304,y,164,213,60,49,10.8,79.4118,0.3672
1759307769.3816278,y,166,213,60,47,10.8,79.4118,0.3672
1759307769.4037137,y,169,213,60,44,10.8,79.4118,0.3672
1759307769.4192796,y,169,213,60,44,10.8,79.4118,0.3672
1759307769.4434645,y,172,213,60,41,10.8,79.4118,0.3672
1759307769.4612541,y,173,213,60,40,10.8,79.4118,0.3672
1759307769.4937036,y,175,213,60,38,10.8,79.4118,0.3672
1759307769.5182998,y,178,213,60,35,10.8,79.4118,0.3672
1759307769.5501652,y,182,213,60,31,10.8,79.4118,0.3672
1759307769.5763385,y,184,213,60,29,10.8,79.4118,0.3672
1759307769.5896156,y,185,213,60,28,10.8,79.4118,0.3672
1759307769.6123743,y,188,213,60,25,10.8,79.4118,0.3672
1759307769.6265695,y,189,213,60,24,10.8,79.4118,0.3672
1759307769.6473603,y,191,213,60,22,10.8,79.4118,0.3672
1759307769.6646616,y,192,213,60,21,10.8,79.4118,0.3672
1759307769.6985753,y,195,213,60,18,10.8,79.4118,0.3672
1759307769.726249,y,197,213,60,16,10.8,79.4118,0.3672
1759307769.7536979,y,199,213,60,14,10.8,79.4118,0.3672
1759307769.7769682,y,203,213,60,10,10.8,79.4118,0.3672
1759307769.790397,y,204,213,60,9,10.8,79.4118,0.3672
1759307769.8119032,y,206,213,60,7,10.8,79.4118,0.3672
1759307769.8263798,y,207,213,60,6,10.8,79.4118,0.3672
1759307769.8481214,y,209,213,60,4,10.8,79.4118,0.3672
1759307769.8672044,y,211,213,60,2,10.8,79.4118,0.3672
1759307769.905448,y,214,213,60,-1,10.8,79.4118,0.3672
1759307769.9288678,y,216,213,60,-3,10.8,79.4118,0.3672
1759307769.9588277,y,219,213,60,-6,10.8,79.4118,0.3672
1759307769.9810374,y,222,213,60,-9,10.8,79.4118,0.3672
1759307769.995875,y,223,213,60,-10,10.8,79.4118,0.3672
1759307770.0178468,y,224,213,60,-11,10.8,79.4118,0.3672
1759307770.03413,y,226,213,60,-13,10.8,79.4118,0.3672
1759307770.05758,y,229,213,60,-16,10.8,79.4118,0.3672
1759307770.074239,y,230,213,60,-17,10.8,79.4118,0.3672
1759307770.096212,y,233,213,60,-20,10.8,79.4118,0.3672
1759307770.1110125,y,234,213,60,-21,10.8,79.4118,0.3672
1759307770.135349,y,236,213,60,-23,10.8,79.4118,0.3672
1759307770.1488812,y,237,213,60,-24,10.8,79.4118,0.3672
1759307770.1745148,y,240,213,60,-27,10.8,79.4118,0.3672
1759307770.186728,y,241,213,60,-28,10.8,79.4118,0.3672
1759307770.2106216,y,243,213,60,-30,10.8,79.4118,0.3672
1759307770.2260847,y,245,213,60,-32,10.8,79.4118,0.3672
1759307770.2477047,y,247,213,60,-34,10.8,79.4118,0.3672
1759307770.267437,y,248,213,60,-35,10.8,79.4118,0.3672
1759307770.291626,y,251,213,60,-38,10.8,79.4118,0.3672
1759307770.3091776,y,252,213,60,-39,10.8,79.4118,0.3672
1759307770.331756,y,254,213,60,-41,10.8,79.4118,0.3672
1759307770.3472683,y,255,213,60,-42,10.8,79.4118,0.3672
1759307770.3716412,y,258,213,60,-45,10.8,79.4118,0.3672
1759307770.3859553,y,260,213,60,-47,10.8,79.4118,0.3672
1759307770.409819,y,263,213,60,-50,10.8,79.4118,0.3672
1759307770.4270105,y,264,213,60,-51,10.8,79.4118,0.3672
1759307770.4480517,y,266,213,60,-53,10.8,79.4118,0.3672
1759307770.465621,y,268,213,60,-55,10.8,79.4118,0.3672
1759307770.5013545,y,270,213,60,-57,10.8,79.4118,0.3672
1759307770.5247326,y,272,213,60,-59,10.8,79.4118,0.3672
1759307770.555298,y,274,213,60,-61,10.8,79.4118,0.3672
1759307770.5818343,y,278,213,60,-65,10.8,79.4118,0.3672
1759307770.600707,y,281,213,60,-68,10.8,79.4118,0.3672
1759307770.6257534,y,283,213,60,-70,10.8,79.4118,0.3672
1759307770.642309,y,284,213,60,-71,10.8,79.4118,0.3672
1759307770.6657476,y,287,213,60,-74,10.8,79.4118,0.3672
1759307770.6811447,y,288,213,60,-75,10.8,79.4118,0.3672
1759307770.7062972,y,290,213,60,-77,10.8,79.4118,0.3672
1759307770.7181873,y,291,213,60,-78,10.8,79.4118,0.3672
1759307770.7434146,y,294,213,60,-81,10.8,79.4118,0.3672
1759307770.7565758,y,295,213,60,-82,10.8,79.4118,0.3672
1759307770.7790756,y,297,213,60,-84,10.8,79.4118,0.3672
1759307770.7930565,y,299,213,60,-86,10.8,79.4118,0.3672
1759307770.8140585,y,301,213,60,-88,10.8,79.4118,0.3672
1759307770.8287125,y,302,213,60,-89,10.8,79.4118,0.3672
1759307770.8511958,y,305,213,60,-92,10.8,79.4118,0.3672
1759307770.8710983,y,306,213,60,-93,10.8,79.4118,0.3672
1759307770.8949928,y,309,213,20.49542542239044,-96,10.8,79.4118,0.3672
1759307770.9096591,y,310,213,-60,-97,10.8,79.4118,0.3672
1759307770.9324975,y,313,213,-60,-100,10.8,79.4118,0.3672
1759307770.948388,y,314,213,-60,-101,10.8,79.4118,0.3672
1759307770.9743822,y,315,213,-60,-102,10.8,79.4118,0.3672
1759307770.99006,y,311,213,-60,-98,10.8,79.4118,0.3672
1759307771.0120144,y,309,213,-60,-96,10.8,79.4118,0.3672
1759307771.0306218,y,308,213,-60,-95,10.8,79.4118,0.3672
1759307771.0538363,y,305,213,-60,-92,10.8,79.4118,0.3672
1759307771.0720963,y,304,213,-60,-91,10.8,79.4118,0.3672
1759307771.0956364,y,301,213,-60,-88,10.8,79.4118,0.3672
1759307771.1113904,y,300,213,-60,-87,10.8,79.4118,0.3672
1759307771.1355922,y,298,213,-60,-85,10.8,79.4118,0.3672
1759307771.1502972,y,296,213,-60,-83,10.8,79.4118,0.3672
1759307771.176117,y,294,213,-60,-81,10.8,79.4118,0.3672
1759307771.2004786,y,292,213,-60,-79,10.8,79.4118,0.3672
1759307771.2370236,y,289,213,-60,-76,10.8,79.4118,0.3672
1759307771.2619607,y,287,213,-60,-74,10.8,79.4118,0.3672
1759307771.2867055,y,282,213,-60,-69,10.8,79.4118,0.3672
1759307771.3105986,y,280,213,-60,-67,10.8,79.4118,0.3672
1759307771.3243792,y,278,213,-60,-65,10.8,79.4118,0.3672
1759307771.3460536,y,276,213,-60,-63,10.8,79.4118,0.3672
1759307771.3606348,y,275,213,-60,-62,10.8,79.4118,0.3672
1759307771.3814635,y,272,213,-60,-59,10.8,79.4118,0.3672
1759307771.3973677,y,271,213,-60,-58,10.8,79.4118,0.3672
1759307771.418955,y,268,213,-60,-55,10.8,79.4118,0.3672
1759307771.4354382,y,267,213,-60,-54,10.8,79.4118,0.3672
1759307771.4609568,y,264,213,-60,-51,10.8,79.4118,0.3672
1759307771.4749973,y,263,213,-60,-50,10.8,79.4118,0.3672
1759307771.4971082,y,261,213,-60,-48,10.8,79.4118,0.3672
1759307771.5126915,y,259,213,-60,-46,10.8,79.4118,0.3672
1759307771.5365276,y,256,213,-60,-43,10.8,79.4118,0.3672
1759307771.5508912,y,253,213,-60,-40,10.8,79.4118,0.3672
1759307771.5760677,y,253,213,-60,-40,10.8,79.4118,0.3672
1759307771.6016157,y,251,213,-60,-38,10.8,79.4118,0.3672
1759307771.6380758,y,247,213,-60,-34,10.8,79.4118,0.3672
1759307771.6621087,y,244,213,-60,-31,10.8,79.4118,0.3672
1759307771.6908135,y,242,213,-60,-29,10.8,79.4118,0.3672
1759307771.7118225,y,238,213,-60,-25,10.8,79.4118,0.3672
1759307771.7338877,y,235,213,-60,-22,10.8,79.4118,0.3672
1759307771.7515018,y,234,213,-60,-21,10.8,79.4118,0.3672
1759307771.7755616,y,231,213,-60,-18,10.8,79.4118,0.3672
1759307771.7937102,y,228,213,-60,-15,10.8,79.4118,0.3672
1759307771.8151274,y,225,213,-60,-12,10.8,79.4118,0.3672
1759307771.8349817,y,224,213,-60,-11,10.8,79.4118,0.3672
1759307771.859497,y,221,213,-60,-8,10.8,79.4118,0.3672
1759307771.8757105,y,220,213,-60,-7,10.8,79.4118,0.3672
1759307771.9096627,y,217,213,-60,-4,10.8,79.4118,0.3672
1759307771.932583,y,214,213,-60,-1,10.8,79.4118,0.3672
1759307771.967345,y,211,213,-60,2,10.8,79.4118,0.3672
1759307771.9942021,y,208,213,-60,5,10.8,79.4118,0.3672
1759307772.0092287,y,206,213,-60,7,10.8,79.4118,0.3672
1759307772.0323555,y,203,213,-60,10,10.8,79.4118,0.3672
1759307772.0478008,y,201,213,-60,12,10.8,79.4118,0.3672
1759307772.071395,y,199,213,-60,14,10.8,79.4118,0.3672
1759307772.0836442,y,197,213,-60,16,10.8,79.4118,0.3672
1759307772.1191065,y,196,213,-60,17,10.8,79.4118,0.3672
1759307772.1466033,y,192,213,-60,21,10.8,79.4118,0.3672
1759307772.174912,y,190,213,-60,23,10.8,79.4118,0.3672
1759307772.1984894,y,186,213,-60,27,10.8,79.4118,0.3672
1759307772.2206476,y,183,213,-60,30,10.8,79.4118,0.3672
1759307772.2379377,y,181,213,-60,32,10.8,79.4118,0.3672
1759307772.2613854,y,179,213,-60,34,10.8,79.4118,0.3672
1759307772.278003,y,177,213,-60,36,10.8,79.4118,0.3672
1759307772.302441,y,175,213,-60,38,10.8,79.4118,0.3672
1759307772.3146462,y,174,213,-60,39,10.8,79.4118,0.3672
1759307772.338558,y,171,213,-60,42,10.8,79.4118,0.3672
1759307772.356503,y,170,213,-60,43,10.8,79.4118,0.3672
1759307772.3789232,y,167,213,-60,46,10.8,79.4118,0.3672
1759307772.3964846,y,166,213,-60,47,10.8,79.4118,0.3672
1759307772.4179888,y,163,213,-60,50,10.8,79.4118,0.3672
1759307772.4374583,y,162,213,-60,51,10.8,79.4118,0.3672
1759307772.4612935,y,158,213,-60,55,10.8,79.4118,0.3672
1759307772.478343,y,157,213,-60,56,10.8,79.4118,0.3672
1759307772.5001385,y,154,213,-60,59,10.8,79.4118,0.3672
1759307772.5162485,y,152,213,-60,61,10.8,79.4118,0.3672
1759307772.5388522,y,150,213,-60,63,10.8,79.4118,0.3672
1759307772.5576859,y,149,213,-60,64,10.8,79.4118,0.3672
1759307772.5795922,y,147,213,-60,66,10.8,79.4118,0.3672
1759307772.601128,y,144,213,-60,69,10.8,79.4118,0.3672
1759307772.6380866,y,142,213,-60,71,10.8,79.4118,0.3672
1759307772.6638732,y,140,213,-60,73,10.8,79.4118,0.3672
1759307772.6914144,y,137,213,-60,76,10.8,79.4118,0.3672
1759307772.713598,y,134,213,56.54081546182894,79,10.8,79.4118,0.3672
1759307772.7298763,y,133,213,60,80,10.8,79.4118,0.3672
1759307772.7536204,y,130,213,60,83,10.8,79.4118,0.3672
1759307772.7686436,y,129,213,60,84,10.8,79.4118,0.3672
1759307772.7929928,y,129,213,60,84,10.8,79.4118,0.3672
1759307772.8091717,y,131,213,60,82,10.8,79.4118,0.3672
1759307772.8338964,y,134,213,60,79,10.8,79.4118,0.3672
1759307772.8476565,y,136,213,60,77,10.8,79.4118,0.3672
1759307772.8709276,y,137,213,60,76,10.8,79.4118,0.3672
1759307772.8829656,y,137,213,60,76,10.8,79.4118,0.3672
1759307772.9135213,y,140,213,60,73,10.8,79.4118,0.3672
1759307772.9410217,y,141,213,60,72,10.8,79.4118,0.3672
1759307772.972462,y,144,213,60,69,10.8,79.4118,0.3672
1759307773.0036647,y,147,213,60,66,10.8,79.4118,0.3672
1759307773.0150607,y,149,213,60,64,10.8,79.4118,0.3672
1759307773.0411043,y,150,213,60,63,10.8,79.4118,0.3672
1759307773.0529966,y,152,213,60,61,10.8,79.4118,0.3672
1759307773.077122,y,153,213,60,60,10.8,79.4118,0.3672
1759307773.091774,y,155,213,60,58,10.8,79.4118,0.3672
1759307773.1255336,y,157,213,60,56,10.8,79.4118,0.3672
1759307773.15065,y,158,213,60,55,10.8,79.4118,0.3672
1759307773.1804554,y,161,213,60,52,10.8,79.4118,0.3672
1759307773.211241,y,164,213,60,49,10.8,79.4118,0.3672
1759307773.2350972,y,167,213,60,46,10.8,79.4118,0.3672
1759307773.2484908,y,168,213,60,45,10.8,79.4118,0.3672
1759307773.2740922,y,171,213,60,42,10.8,79.4118,0.3672
1759307773.2859454,y,171,213,60,42,10.8,79.4118,0.3672
1759307773.3109093,y,174,213,60,39,10.8,79.4118,0.3672
1759307773.3252861,y,175,213,60,38,10.8,79.4118,0.3672
1759307773.3469825,y,177,213,60,36,10.8,79.4118,0.3672
1759307773.363781,y,178,213,60,35,10.8,79.4118,0.3672
1759307773.3864021,y,180,213,60,33,10.8,79.4118,0.3672
1759307773.4079483,y,182,213,60,31,10.8,79.4118,0.3672
1759307773.4391599,y,184,213,60,29,10.8,79.4118,0.3672
1759307773.4654102,y,187,213,60,26,10.8,79.4118,0.3672
1759307773.4938316,y,189,213,60,24,10.8,79.4118,0.3672
1759307773.5203073,y,192,213,60,21,10.8,79.4118,0.3672
1759307773.5366278,y,194,213,60,19,10.8,79.4118,0.3672
1759307773.5609615,y,196,213,60,17,10.8,79.4118,0.3672
1759307773.5755754,y,197,213,60,16,10.8,79.4118,0.3672
1759307773.5984082,y,200,213,60,13,10.8,79.4118,0.3672
1759307773.6139576,y,201,213,60,12,10.8,79.4118,0.3672
1759307773.6395931,y,203,213,60,10,10.8,79.4118,0.3672
1759307773.6517015,y,204,213,60,9,10.8,79.4118,0.3672
1759307773.6769807,y,206,213,60,7,10.8,79.4118,0.3672
1759307773.6902323,y,208,213,60,5,10.8,79.4118,0.3672
1759307773.712796,y,210,213,60,3,10.8,79.4118,0.3672
1759307773.740696,y,211,213,60,2,10.8,79.4118,0.3672
1759307773.7783425,y,215,213,60,-2,10.8,79.4118,0.3672
1759307773.7978756,y,217,213,60,-4,10.8,79.4118,0.3672
1759307773.8142464,y,219,213,60,-6,10.8,79.4118,0.3672
1759307773.8363166,y,222,213,60,-9,10.8,79.4118,0.3672
1759307773.8497317,y,223,213,60,-10,10.8,79.4118,0.3672
1759307773.8715124,y,225,213,60,-12,10.8,79.4118,0.3672
1759307773.8856986,y,226,213,60,-13,10.8,79.4118,0.3672
1759307773.910068,y,229,213,60,-16,10.8,79.4118,0.3672
1759307773.9278321,y,230,213,60,-17,10.8,79.4118,0.3672
1759307773.9501884,y,232,213,60,-19,10.8,79.4118,0.3672
1759307773.9671845,y,234,213,60,-21,10.8,79.4118,0.3672
1759307773.990058,y,236,213,60,-23,10.8,79.4118,0.3672
1759307774.008987,y,238,213,60,-25,10.8,79.4118,0.3672
1759307774.0330799,y,241,213,60,-28,10.8,79.4118,0.3672
1759307774.0474193,y,243,213,60,-30,10.8,79.4118,0.3672
1759307774.0711496,y,245,213,60,-32,10.8,79.4118,0.3672
1759307774.0864003,y,246,213,60,-33,10.8,79.4118,0.3672
1759307774.1104014,y,249,213,60,-36,10.8,79.4118,0.3672
1759307774.1281343,y,250,213,60,-37,10.8,79.4118,0.3672
1759307774.1489086,y,253,213,60,-40,10.8,79.4118,0.3672
1759307774.1664257,y,254,213,60,-41,10.8,79.4118,0.3672
1759307774.1905904,y,257,213,60,-44,10.8,79.4118,0.3672
1759307774.2091384,y,258,213,60,-45,10.8,79.4118,0.3672
1759307774.231633,y,261,213,60,-48,10.8,79.4118,0.3672
1759307774.2473488,y,263,213,60,-50,10.8,79.4118,0.3672
1759307774.274154,y,264,213,60,-51,10.8,79.4118,0.3672
1759307774.2858968,y,267,213,60,-54,10.8,79.4118,0.3672
1759307774.3156357,y,270,213,60,-57,10.8,79.4118,0.3672
1759307774.3422844,y,271,213,60,-58,10.8,79.4118,0.3672
1759307774.3744962,y,274,213,60,-61,10.8,79.4118,0.3672
1759307774.3973935,y,277,213,60,-64,10.8,79.4118,0.3672
1759307774.4136996,y,279,213,60,-66,10.8,79.4118,0.3672
1759307774.439479,y,282,213,60,-69,10.8,79.4118,0.3672
1759307774.450784,y,283,213,58.19657499124445,-70,10.8,79.4118,0.3672
1759307774.4751537,y,285,213,-60,-72,10.8,79.4118,0.3672
1759307774.4874392,y,286,213,-60,-73,10.8,79.4118,0.3672
1759307774.5170438,y,287,213,-60,-74,10.8,79.4118,0.3672
1759307774.5462675,y,289,213,-60,-76,10.8,79.4118,0.3672
1759307774.5794752,y,284,213,-60,-71,10.8,79.4118,0.3672
1759307774.6105034,y,281,213,-60,-68,10.8,79.4118,0.3672
1759307774.6242607,y,279,213,-60,-66,10.8,79.4118,0.3672
1759307774.6480005,y,276,213,-60,-63,10.8,79.4118,0.3672
1759307774.6690507,y,274,213,-60,-61,10.8,79.4118,0.3672
1759307774.6915684,y,272,213,-60,-59,10.8,79.4118,0.3672
1759307774.714461,y,269,213,-60,-56,10.8,79.4118,0.3672
1759307774.733652,y,268,213,-60,-55,10.8,79.4118,0.3672
1759307774.7578647,y,265,213,-60,-52,10.8,79.4118,0.3672
1759307774.7736392,y,264,213,-60,-51,10.8,79.4118,0.3672
1759307774.7964993,y,262,213,-60,-49,10.8,79.4118,0.3672
1759307774.814194,y,259,213,-60,-46,10.8,79.4118,0.3672
1759307774.8397782,y,256,213,-60,-43,10.8,79.4118,0.3672
1759307774.8531678,y,255,213,-60,-42,10.8,79.4118,0.3672
1759307774.8771973,y,253,213,-60,-40,10.8,79.4118,0.3672
1759307774.893821,y,252,213,-60,-39,10.8,79.4118,0.3672
1759307774.9147239,y,249,213,-60,-36,10.8,79.4118,0.3672
1759307774.9333417,y,248,213,-60,-35,10.8,79.4118,0.3672
1759307774.9581885,y,245,213,-60,-32,10.8,79.4118,0.3672
1759307774.9749615,y,244,213,-60,-31,10.8,79.4118,0.3672
1759307775.0007508,y,241,213,-60,-28,10.8,79.4118,0.3672
1759307775.0148194,y,238,213,-60,-25,10.8,79.4118,0.3672
1759307775.0395472,y,237,213,-60,-24,10.8,79.4118,0.3672
1759307775.0547879,y,235,213,-60,-22,10.8,79.4118,0.3672
1759307775.0772016,y,232,213,-60,-19,10.8,79.4118,0.3672
1759307775.0947967,y,231,213,-60,-18,10.8,79.4118,0.3672
1759307775.1165729,y,228,213,-60,-15,10.8,79.4118,0.3672
1759307775.13574,y,227,213,-60,-14,10.8,79.4118,0.3672
1759307775.1716046,y,224,213,-60,-11,10.8,79.4118,0.3672
1759307775.197409,y,221,213,-60,-8,10.8,79.4118,0.3672
1759307775.2262619,y,219,213,-60,-6,10.8,79.4118,0.3672
1759307775.2519803,y,215,213,-60,-2,10.8,79.4118,0.3672
1759307775.2703362,y,212,213,-60,1,10.8,79.4118,0.3672
1759307775.2944965,y,210,213,-60,3,10.8,79.4118,0.3672
1759307775.3100164,y,208,213,-60,5,10.8,79.4118,0.3672
1759307775.334136,y,206,213,-60,7,10.8,79.4118,0.3672
1759307775.348036,y,205,213,-60,8,10.8,79.4118,0.3672
1759307775.3713353,y,202,213,-60,11,10.8,79.4118,0.3672
1759307775.3831096,y,201,213,-60,12,10.8,79.4118,0.3672
1759307775.406394,y,198,213,-60,15,10.8,79.4118,0.3672
1759307775.4181516,y,197,213,-60,16,10.8,79.4118,0.3672
1759307775.4423778,y,194,213,-60,19,10.8,79.4118,0.3672
1759307775.4646814,y,193,213,-60,20,10.8,79.4118,0.3672
1759307775.5038953,y,191,213,-60,22,10.8,79.4118,0.3672
1759307775.5275867,y,187,213,-60,26,10.8,79.4118,0.3672
1759307775.5527759,y,184,213,-60,29,10.8,79.4118,0.3672
1759307775.5763357,y,182,213,-60,31,10.8,79.4118,0.3672
1759307775.5894072,y,181,213,-60,32,10.8,79.4118,0.3672
1759307775.61197,y,178,213,-60,35,10.8,79.4118,0.3672
1759307775.6255012,y,177,213,-60,36,10.8,79.4118,0.3672
1759307775.6467657,y,174,213,-60,39,10.8,79.4118,0.3672
1759307775.6610482,y,173,213,-60,40,10.8,79.4118,0.3672
1759307775.682657,y,170,213,-60,43,10.8,79.4118,0.3672
1759307775.6985939,y,169,213,-60,44,10.8,79.4118,0.3672
1759307775.7229452,y,166,213,-60,47,10.8,79.4118,0.3672
1759307775.741304,y,165,213,-60,48,10.8,79.4118,0.3672
1759307775.765828,y,162,213,-60,51,10.8,79.4118,0.3672
1759307775.7802596,y,161,213,-60,52,10.8,79.4118,0.3672
1759307775.8021858,y,158,213,60,55,10.8,79.4118,0.3672
1759307775.8172843,y,157,213,60,56,10.8,79.4118,0.3672
1759307775.8509622,y,155,213,60,58,10.8,79.4118,0.3672
1759307775.878689,y,153,213,60,60,10.8,79.4118,0.3672
1759307775.9107513,y,157,213,60,56,10.8,79.4118,0.3672
1759307775.9346776,y,160,213,60,53,10.8,79.4118,0.3672
1759307775.9486618,y,161,213,60,52,10.8,79.4118,0.3672
1759307775.9739192,y,163,213,60,50,10.8,79.4118,0.3672
1759307775.987042,y,164,213,60,49,10.8,79.4118,0.3672
1759307776.0109193,y,166,213,60,47,10.8,79.4118,0.3672
1759307776.0252357,y,167,213,60,46,10.8,79.4118,0.3672
1759307776.0463743,y,169,213,60,44,10.8,79.4118,0.3672
1759307776.0614157,y,170,213,60,43,10.8,79.4118,0.3672
1759307776.0823965,y,172,213,60,41,10.8,79.4118,0.3672
1759307776.0996206,y,173,213,60,40,10.8,79.4118,0.3672
1759307776.1221735,y,176,213,60,37,10.8,79.4118,0.3672
1759307776.14217,y,177,213,60,36,10.8,79.4118,0.3672
1759307776.1652367,y,179,213,60,34,10.8,79.4118,0.3672
1759307776.181042,y,180,213,60,33,10.8,79.4118,0.3672
1759307776.20584,y,183,213,60,30,10.8,79.4118,0.3672
1759307776.2199244,y,185,213,60,28,10.8,79.4118,0.3672
1759307776.2439492,y,186,213,60,27,10.8,79.4118,0.3672
1759307776.2628515,y,188,213,60,25,10.8,79.4118,0.3672
1759307776.2832406,y,190,213,60,23,10.8,79.4118,0.3672
1759307776.3043833,y,191,213,60,22,10.8,79.4118,0.3672
1759307776.3282337,y,193,213,60,20,10.8,79.4118,0.3672
1759307776.3442698,y,194,213,60,19,10.8,79.4118,0.3672
1759307776.3663917,y,197,213,60,16,10.8,79.4118,0.3672
1759307776.3818119,y,198,213,60,15,10.8,79.4118,0.3672
1759307776.4065797,y,200,213,60,13,10.8,79.4118,0.3672
1759307776.4242873,y,201,213,60,12,10.8,79.4118,0.3672
1759307776.4569857,y,203,213,60,10,10.8,79.4118,0.3672
1759307776.482426,y,205,213,60,8,10.8,79.4118,0.3672
1759307776.5154061,y,208,213,60,5,10.8,79.4118,0.3672
1759307776.5415075,y,212,213,60,1,10.8,79.4118,0.3672
1759307776.5550814,y,213,213,60,0,10.8,79.4118,0.3672
1759307776.5784006,y,215,213,60,-2,10.8,79.4118,0.3672
1759307776.5919888,y,216,213,60,-3,10.8,79.4118,0.3672
1759307776.6127698,y,219,213,60,-6,10.8,79.4118,0.3672
1759307776.62882,y,220,213,60,-7,10.8,79.4118,0.3672
1759307776.6606681,y,222,213,60,-9,10.8,79.4118,0.3672
1759307776.6868718,y,225,213,60,-12,10.8,79.4118,0.3672
1759307776.7190497,y,227,213,60,-14,10.8,79.4118,0.3672
1759307776.7434185,y,230,213,60,-17,10.8,79.4118,0.3672
1759307776.7569547,y,232,213,60,-19,10.8,79.4118,0.3672
1759307776.7794623,y,234,213,60,-21,10.8,79.4118,0.3672
1759307776.7940016,y,236,213,60,-23,10.8,79.4118,0.3672
1759307776.8186393,y,238,213,60,-25,10.8,79.4118,0.3672
1759307776.8389385,y,239,213,60,-26,10.8,79.4118,0.3672
1759307776.8632693,y,241,213,60,-28,10.8,79.4118,0.3672
1759307776.8779843,y,242,213,60,-29,10.8,79.4118,0.3672
1759307776.899713,y,246,213,60,-33,10.8,79.4118,0.3672
1759307776.9150047,y,247,213,60,-34,10.8,79.4118,0.3672
1759307776.9396737,y,248,213,60,-35,10.8,79.4118,0.3672
1759307776.9512458,y,250,213,60,-37,10.8,79.4118,0.3672
1759307776.9751868,y,252,213,60,-39,10.8,79.4118,0.3672
1759307776.990218,y,254,213,60,-41,10.8,79.4118,0.3672
1759307777.0117893,y,256,213,13.083240715932696,-43,10.8,79.4118,0.3672
1759307777.0302582,y,258,213,-60,-45,10.8,79.4118,0.3672
1759307777.0644045,y,260,213,-60,-47,10.8,79.4118,0.3672
1759307777.0914702,y,261,213,-60,-48,10.8,79.4118,0.3672
1759307777.1212273,y,258,213,-60,-45,10.8,79.4118,0.3672
1759307777.146119,y,254,213,-60,-41,10.8,79.4118,0.3672
1759307777.160094,y,252,213,-60,-39,10.8,79.4118,0.3672
1759307777.1806223,y,250,213,-60,-37,10.8,79.4118,0.3672
1759307777.195006,y,249,213,-60,-36,10.8,79.4118,0.3672
1759307777.2169526,y,246,213,-60,-33,10.8,79.4118,0.3672
1759307777.237258,y,245,213,-60,-32,10.8,79.4118,0.3672
1759307777.270425,y,242,213,-60,-29,10.8,79.4118,0.3672
1759307777.2958612,y,240,213,-60,-27,10.8,79.4118,0.3672
1759307777.3242502,y,238,213,-60,-25,10.8,79.4118,0.3672
1759307777.3496044,y,234,213,-60,-21,10.8,79.4118,0.3672
1759307777.3653193,y,233,213,-60,-20,10.8,79.4118,0.3672
1759307777.3885696,y,230,213,-60,-17,10.8,79.4118,0.3672
1759307777.4069624,y,229,213,-60,-16,10.8,79.4118,0.3672
1759307777.4295313,y,225,213,-60,-12,10.8,79.4118,0.3672
1759307777.4451807,y,224,213,-60,-11,10.8,79.4118,0.3672
1759307777.4707396,y,223,213,-60,-10,10.8,79.4118,0.3672
1759307777.4831367,y,221,213,-60,-8,10.8,79.4118,0.3672
1759307777.5065496,y,218,213,-60,-5,10.8,79.4118,0.3672
1759307777.5183723,y,217,213,-60,-4,10.8,79.4118,0.3672
1759307777.5411458,y,215,213,-60,-2,10.8,79.4118,0.3672
1759307777.5560675,y,213,213,-60,0,10.8,79.4118,0.3672
1759307777.5797982,y,212,213,-60,1,10.8,79.4118,0.3672
1759307777.5942178,y,211,213,-60,2,10.8,79.4118,0.3672
1759307777.6165102,y,207,213,-60,6,10.8,79.4118,0.3672
1759307777.6364722,y,206,213,-60,7,10.8,79.4118,0.3672
1759307777.6600401,y,204,213,-60,9,10.8,79.4118,0.3672
1759307777.6765385,y,203,213,-60,10,10.8,79.4118,0.3672
1759307777.700777,y,200,213,-60,13,10.8,79.4118,0.3672
1759307777.7152781,y,199,213,-60,14,10.8,79.4118,0.3672
1759307777.7387202,y,197,213,-60,16,10.8,79.4118,0.3672
1759307777.7581306,y,196,213,-60,17,10.8,79.4118,0.3672
1759307777.7894106,y,192,213,-60,21,10.8,79.4118,0.3672
1759307777.8151932,y,191,213,-60,22,10.8,79.4118,0.3672
1759307777.8381577,y,187,213,26.75858994396711,26,10.8,79.4118,0.3672
1759307777.862209,y,185,213,60,28,10.8,79.4118,0.3672
1759307777.877768,y,184,213,60,29,10.8,79.4118,0.3672
1759307777.9022267,y,183,213,60,30,10.8,79.4118,0.3672
1759307777.915424,y,183,213,60,30,10.8,79.4118,0.3672
1759307777.9407413,y,185,213,60,28,10.8,79.4118,0.3672
1759307777.9565656,y,188,213,60,25,10.8,79.4118,0.3672
1759307777.978733,y,189,213,60,24,10.8,79.4118,0.3672
1759307777.9972885,y,191,213,60,22,10.8,79.4118,0.3672
1759307778.0185244,y,194,213,60,19,10.8,79.4118,0.3672
1759307778.0386324,y,195,213,60,18,10.8,79.4118,0.3672
1759307778.062464,y,197,213,60,16,10.8,79.4118,0.3672
1759307778.0779414,y,198,213,60,15,10.8,79.4118,0.3672
1759307778.1031666,y,201,213,60,12,10.8,79.4118,0.3672
1759307778.1167164,y,202,213,60,11,10.8,79.4118,0.3672
1759307778.1435049,y,204,213,60,9,10.8,79.4118,0.3672
1759307778.1600146,y,205,213,60,8,10.8,79.4118,0.3672
1759307778.1813118,y,207,213,60,6,10.8,79.4118,0.3672
1759307778.199537,y,210,213,60,3,10.8,79.4118,0.3672
1759307778.2254903,y,212,213,60,1,10.8,79.4118,0.3672
1759307778.2416584,y,213,213,60,0,10.8,79.4118,0.3672
1759307778.266848,y,215,213,60,-2,10.8,79.4118,0.3672
1759307778.2801597,y,217,213,60,-4,10.8,79.4118,0.3672
1759307778.3040972,y,219,213,60,-6,10.8,79.4118,0.3672
1759307778.3177347,y,220,213,60,-7,10.8,79.4118,0.3672
1759307778.352604,y,223,213,20.45635746112231,-10,10.8,79.4118,0.3672
1759307778.3804474,y,225,213,-22.46050998565244,-12,10.8,79.4118,0.3672
1759307778.416281,y,228,213,-60,-15,10.8,79.4118,0.3672
1759307778.4435468,y,229,213,-60,-16,10.8,79.4118,0.3672
1759307778.4577372,y,230,213,-60,-17,10.8,79.4118,0.3672
1759307778.4792593,y,227,213,-60,-14,10.8,79.4118,0.3672
1759307778.4935617,y,226,213,-60,-13,10.8,79.4118,0.3672
1759307778.5143883,y,224,213,-60,-11,10.8,79.4118,0.3672
1759307778.530703,y,222,213,-60,-9,10.8,79.4118,0.3672
1759307778.5654848,y,220,213,-60,-7,10.8,79.4118,0.3672
1759307778.591488,y,217,213,-59.945136737866974,-4,10.8,79.4118,0.3672
1759307778.6179938,y,215,213,-57.21206039348945,-2,10.8,79.4118,0.3672
1759307778.6467788,y,211,213,13.879279349236356,2,10.8,79.4118,0.3672
1759307778.671195,y,209,213,22.286806414353418,4,10.8,79.4118,0.3672
1759307778.6824908,y,208,213,40.00119409844816,5,10.8,79.4118,0.3672
1759307778.7082167,y,206,213,60,7,10.8,79.4118,0.3672
1759307778.7224104,y,206,213,51.28414252538682,7,10.8,79.4118,0.3672
1759307778.745443,y,206,213,60,7,10.8,79.4118,0.3672
1759307778.7639055,y,207,213,42.195353338958505,6,10.8,79.4118,0.3672
1759307778.7866073,y,209,213,15.345605552321672,4,10.8,79.4118,0.3672
1759307778.8037934,y,211,213,-13.906929777785557,2,10.8,79.4118,0.3672
1759307778.8275483,y,213,213,-23.690694319520208,0,10.8,79.4118,0.3672
1759307778.8462045,y,213,213,7.22511696767807,0,10.8,79.4118,0.3672
1759307778.8694623,y,213,213,7.22511696767807,0,10.8,79.4118,0.3672
1759307778.882535,y,213,213,7.22511696767807,0,10.8,79.4118,0.3672
1759307778.9061837,y,213,213,7.22511696767807,0,10.8,79.4118,0.3672
1759307778.9249933,y,213,213,7.22511696767807,0,10.8,79.4118,0.3672
1759307778.9463425,y,213,213,7.22511696767807,0,10.8,79.4118,0.3672
1759307778.964016,y,213,213,7.22511696767807,0,10.8,79.4118,0.3672
1759307778.9865477,y,213,213,7.22511696767807,0,10.8,79.4118,0.3672
1759307779.00701,y,214,213,-23.145048181211518,-1,10.8,79.4118,0.3672
1759307779.0297444,y,214,213,-7.005208999156952,-1,10.8,79.4118,0.3672
1759307779.045842,y,214,213,-8.283544072723389,-1,10.8,79.4118,0.3672
1759307779.0686975,y,214,213,-10.09854207558632,-1,10.8,79.4118,0.3672
1759307779.0845695,y,214,213,-11.358966296052934,-1,10.8,79.4118,0.3672
1759307779.1093245,y,213,213,14.27440006049142,0,10.8,79.4118,0.3672
1759307779.1271086,y,213,213,-0.5589662960529327,0,10.8,79.4118,0.3672
1759307779.1483462,y,213,213,-0.5589662960529327,0,10.8,79.4118,0.3672
1759307779.1663404,y,212,213,32.076597436986276,1,10.8,79.4118,0.3672
1759307779.1887174,y,212,213,13.446981742572785,1,10.8,79.4118,0.3672
1759307779.2083597,y,212,213,15.006816355133058,1,10.8,79.4118,0.3672
1759307779.2345603,y,212,213,17.08744783473015,1,10.8,79.4118,0.3672
1759307779.2475104,y,212,213,18.11584509458542,1,10.8,79.4118,0.3672
1759307779.27197,y,213,213,-7.696665055427741,0,10.8,79.4118,0.3672
1759307779.2854514,y,213,213,7.315845094585419,0,10.8,79.4118,0.3672
1759307779.3103957,y,213,213,7.315845094585419,0,10.8,79.4118,0.3672
1759307779.328325,y,213,213,7.315845094585419,0,10.8,79.4118,0.3672
1759307779.3499866,y,213,213,7.315845094585419,0,10.8,79.4118,0.3672
1759307779.3702693,y,213,213,7.315845094585419,0,10.8,79.4118,0.3672
1759307779.394868,y,213,213,7.315845094585419,0,10.8,79.4118,0.3672
1759307779.4087846,y,213,213,7.315845094585419,0,10.8,79.4118,0.3672
1759307779.430746,y,214,213,-21.94836024162433,-1,10.8,79.4118,0.3672
1759307779.44664,y,214,213,-6.490319305658341,-1,10.8,79.4118,0.3672
1759307779.4703383,y,213,213,19.80444345415574,0,10.8,79.4118,0.3672
1759307779.4857247,y,214,213,-31.577496539178142,-1,10.8,79.4118,0.3672
1759307779.5103378,y,214,213,-9.666750409841539,-1,10.8,79.4118,0.3672
1759307779.5276814,y,213,213,22.305420886760245,0,10.8,79.4118,0.3672
1759307779.5483618,y,213,213,1.1332495901584625,0,10.8,79.4118,0.3672
1759307779.5804012,y,212,213,25.938443706108004,1,10.8,79.4118,0.3672
1759307779.6177385,y,211,213,41.04226974775051,2,10.8,79.4118,0.3672
1759307779.6424468,y,212,213,7.508309230339682,1,10.8,79.4118,0.3672
1759307779.661464,y,213,213,-7.739086862747506,0,10.8,79.4118,0.3672
1759307779.6854765,y,214,213,-16.429145166116776,-1,10.8,79.4118,0.3672
1759307779.698239,y,215,213,-42.735832581486854,-2,10.8,79.4118,0.3672
1759307779.7243717,y,215,213,-18.114616146469118,-2,10.8,79.4118,0.3672
1759307779.7361472,y,215,213,-19.98484243526459,-2,10.8,79.4118,0.3672
1759307779.7610493,y,214,213,3.583377734399928,-1,10.8,79.4118,0.3672
1759307779.7768416,y,214,213,-12.416463958883286,-1,10.8,79.4118,0.3672
1759307779.800565,y,213,213,13.861948036734939,0,10.8,79.4118,0.3672
1759307779.8184476,y,213,213,-1.6164639588832854,0,10.8,79.4118,0.3672
1759307779.8438547,y,213,213,-1.6164639588832854,0,10.8,79.4118,0.3672
1759307779.860033,y,213,213,-1.6164639588832854,0,10.8,79.4118,0.3672
1759307779.8828356,y,213,213,-1.6164639588832854,0,10.8,79.4118,0.3672
1759307779.899639,y,213,213,-1.6164639588832854,0,10.8,79.4118,0.3672
1759307779.9258919,y,212,213,25.255313744091062,1,10.8,79.4118,0.3672
1759307779.9396505,y,212,213,12.360932740974427,1,10.8,79.4118,0.3672
1759307779.9669597,y,212,213,14.529603826189042,1,10.8,79.4118,0.3672
1759307779.9811287,y,212,213,15.654787852478028,1,10.8,79.4118,0.3672
1759307780.007765,y,212,213,17.77002931036949,1,10.8,79.4118,0.3672
1759307780.0206997,y,212,213,18.797195909070968,1,10.8,79.4118,0.3672
1759307780.0445216,y,213,213,-7.417236502154462,0,10.8,79.4118,0.3672
1759307780.0594103,y,213,213,7.997195909070968,0,10.8,79.4118,0.3672
1759307780.0831277,y,213,213,7.997195909070968,0,10.8,79.4118,0.3672
1759307780.1002839,y,214,213,-25.568638525437365,-1,10.8,79.4118,0.3672
1759307780.1260502,y,214,213,-6.211356821966172,-1,10.8,79.4118,0.3672
1759307780.1426475,y,214,213,-7.529375984430313,-1,10.8,79.4118,0.3672
1759307780.1679173,y,214,213,-9.536092061805725,-1,10.8,79.4118,0.3672
1759307780.181299,y,213,213,28.70432750097155,0,10.8,79.4118,0.3672
1759307780.2070625,y,213,213,1.2639079381942748,0,10.8,79.4118,0.3672
1759307780.2190344,y,213,213,1.2639079381942748,0,10.8,79.4118,0.3672
1759307780.2437136,y,212,213,28.902662412776767,1,10.8,79.4118,0.3672
1759307780.2571163,y,212,213,15.088058924531937,1,10.8,79.4118,0.3672
1759307780.2796268,y,213,213,-12.024307928543815,0,10.8,79.4118,0.3672
1759307780.295308,y,213,213,4.288058924531937,0,10.8,79.4118,0.3672
1759307780.3170636,y,213,213,4.288058924531937,0,10.8,79.4118,0.3672
1759307780.3341935,y,213,213,4.288058924531937,0,10.8,79.4118,0.3672
1759307780.367418,y,213,213,4.288058924531937,0,10.8,79.4118,0.3672
1759307780.395413,y,214,213,-21.851752528582992,-1,10.8,79.4118,0.3672
1759307780.4233944,y,214,213,-10.95712702946663,-1,10.8,79.4118,0.3672
1759307780.4530034,y,214,213,-13.308428229904175,-1,10.8,79.4118,0.3672
1759307780.465916,y,215,213,-54.59677430272903,-2,10.8,79.4118,0.3672
1759307780.4901092,y,214,213,-2.10270825742799,-1,10.8,79.4118,0.3672
1759307780.5017493,y,214,213,-18.204831362628937,-1,10.8,79.4118,0.3672
1759307780.5264115,y,212,213,35.13194016123236,1,10.8,79.4118,0.3672
1759307780.539923,y,212,213,6.426608924388886,1,10.8,79.4118,0.3672
1759307780.5620415,y,211,213,37.340995676239714,2,10.8,79.4118,0.3672
1759307780.5760906,y,211,213,22.970880792331698,2,10.8,79.4118,0.3672
1759307780.5975657,y,210,213,55.98589549347418,3,10.8,79.4118,0.3672
1759307780.6164715,y,211,213,11.667173040051491,2,10.8,79.4118,0.3672
1759307780.6407678,y,212,213,7.105693057574303,1,10.8,79.4118,0.3672
1759307780.6591284,y,213,213,-8.580214817562673,0,10.8,79.4118,0.3672
1759307780.6839807,y,214,213,-16.129755232046598,-1,10.8,79.4118,0.3672
1759307780.6968384,y,214,213,-2.3754996050834656,-1,10.8,79.4118,0.3672
1759307780.7209663,y,214,213,-4.2915443552970896,-1,10.8,79.4118,0.3672
1759307780.7346506,y,214,213,-5.378237087345124,-1,10.8,79.4118,0.3672
1759307780.7598534,y,214,213,-7.379632921886445,-1,10.8,79.4118,0.3672
1759307780.7778163,y,214,213,-8.806101731872559,-1,10.8,79.4118,0.3672
1759307780.7994099,y,214,213,-10.520886050319673,-1,10.8,79.4118,0.3672
1759307780.8177276,y,214,213,-11.975527534103394,-1,10.8,79.4118,0.3672
1759307780.8421047,y,214,213,-13.91135752902031,-1,10.8,79.4118,0.3672
1759307780.8682802,y,214,213,-15.990001017522813,-1,10.8,79.4118,0.3672
1759307780.9031827,y,214,213,-18.76167713484764,-1,10.8,79.4118,0.3672
1759307780.9327204,y,213,213,4.4699027247051895,0,10.8,79.4118,0.3672
1759307780.9599457,y,212,213,18.48780594503581,1,10.8,79.4118,0.3672
1759307780.9790769,y,212,213,6.519571174621583,1,10.8,79.4118,0.3672
1759307781.000052,y,212,213,8.185242646408081,1,10.8,79.4118,0.3672
1759307781.0184422,y,211,213,41.8732165971001,2,10.8,79.4118,0.3672
1759307781.0423625,y,211,213,25.70514481058121,2,10.8,79.4118,0.3672
1759307781.0641184,y,212,213,-0.24533130841204454,1,10.8,79.4118,0.3672
1759307781.099097,y,213,213,-4.665016132909277,0,10.8,79.4118,0.3672
1759307781.1274426,y,213,213,5.83282267127037,0,10.8,79.4118,0.3672
1759307781.154009,y,213,213,5.83282267127037,0,10.8,79.4118,0.3672
1759307781.1778004,y,213,213,5.83282267127037,0,10.8,79.4118,0.3672
1759307781.193058,y,214,213,-30.245509978651945,-1,10.8,79.4118,0.3672
1759307781.2187164,y,214,213,-8.216387840223312,-1,10.8,79.4118,0.3672
1759307781.2303667,y,214,213,-9.141561029148102,-1,10.8,79.4118,0.3672
1759307781.2538497,y,214,213,-11.006391342115403,-1,10.8,79.4118,0.3672
1759307781.266766,y,214,213,-12.032100080680848,-1,10.8,79.4118,0.3672
1759307781.292722,y,213,213,12.914964032411275,0,10.8,79.4118,0.3672
1759307781.3062482,y,212,213,37.78935150402386,1,10.8,79.4118,0.3672
1759307781.3285525,y,212,213,12.413264239883423,1,10.8,79.4118,0.3672
1759307781.3424158,y,212,213,13.514175841569902,1,10.8,79.4118,0.3672
1759307781.3639686,y,211,213,44.77449791398146,2,10.8,79.4118,0.3672
1759307781.3929398,y,212,213,6.563265767016032,1,10.8,79.4118,0.3672
1759307781.4290798,y,213,213,-1.7225727507663677,0,10.8,79.4118,0.3672
1759307781.4561226,y,214,213,-18.088041164856612,-1,10.8,79.4118,0.3672
1759307781.4753826,y,215,213,-37.43402013572937,-2,10.8,79.4118,0.3672
1759307781.496821,y,214,213,7.857186962080178,-1,10.8,79.4118,0.3672
1759307781.5117285,y,215,213,-47.07040112817023,-2,10.8,79.4118,0.3672
1759307781.5339272,y,214,213,3.140022199531696,-1,10.8,79.4118,0.3672
1759307781.550129,y,214,213,-14.688112982797623,-1,10.8,79.4118,0.3672
1759307781.573457,y,212,213,40.24580330486508,1,10.8,79.4118,0.3672
1759307781.588733,y,212,213,9.977501817798615,1,10.8,79.4118,0.3672
1759307781.6128793,y,212,213,11.89500442814827,1,10.8,79.4118,0.3672
1759307781.6275644,y,211,213,50.03219854211889,2,10.8,79.4118,0.3672
1759307781.652099,y,211,213,28.924005324697497,2,10.8,79.4118,0.3672
1759307781.666368,y,211,213,31.190277306032183,2,10.8,79.4118,0.3672
1759307781.691725,y,213,213,-19.37213026859995,0,10.8,79.4118,0.3672
1759307781.7050514,y,214,213,-29.822311474625653,-1,10.8,79.4118,0.3672
1759307781.7282732,y,215,213,-32.56893011932001,-2,10.8,79.4118,0.3672
1759307781.7431347,y,215,213,-19.116525791645053,-2,10.8,79.4118,0.3672
1759307781.7647815,y,215,213,-22.55453865737915,-2,10.8,79.4118,0.3672
1759307781.7954829,y,214,213,-2.2322249260968476,-1,10.8,79.4118,0.3672
1759307781.8467941,y,213,213,3.7637327369117344,0,10.8,79.4118,0.3672
1759307781.8667307,y,211,213,58.21064802932289,2,10.8,79.4118,0.3672
