1759308083.5612252,y,103,213,60,110,3.6,26.4706,0.3231
1759308083.585686,y,103,213,60,110,3.6,26.4706,0.3231
1759308083.609372,y,103,213,60,110,3.6,26.4706,0.3231
1759308083.6330712,y,103,213,60,110,3.6,26.4706,0.3231
1759308083.6547687,y,104,213,60,109,3.6,26.4706,0.3231
1759308083.6792464,y,104,213,60,109,3.6,26.4706,0.3231
1759308083.7035198,y,105,213,60,108,3.6,26.4706,0.3231
1759308083.7281427,y,105,213,60,108,3.6,26.4706,0.3231
1759308083.749804,y,106,213,60,107,3.6,26.4706,0.3231
1759308083.774443,y,107,213,60,106,3.6,26.4706,0.3231
1759308083.798452,y,107,213,60,106,3.6,26.4706,0.3231
1759308083.8203754,y,109,213,60,104,3.6,26.4706,0.3231
1759308083.844154,y,109,213,60,104,3.6,26.4706,0.3231
1759308083.8692985,y,110,213,60,103,3.6,26.4706,0.3231
1759308083.8931355,y,111,213,60,102,3.6,26.4706,0.3231
1759308083.9259968,y,113,213,60,100,3.6,26.4706,0.3231
1759308083.95835,y,114,213,60,99,3.6,26.4706,0.3231
1759308083.9918633,y,117,213,60,96,3.6,26.4706,0.3231
1759308084.0149517,y,120,213,60,93,3.6,26.4706,0.3231
1759308084.0364559,y,122,213,60,91,3.6,26.4706,0.3231
1759308084.0596168,y,123,213,60,90,3.6,26.4706,0.3231
1759308084.082708,y,125,213,60,88,3.6,26.4706,0.3231
1759308084.104428,y,128,213,60,85,3.6,26.4706,0.3231
1759308084.1412327,y,129,213,60,84,3.6,26.4706,0.3231
1759308084.1671557,y,132,213,60,81,3.6,26.4706,0.3231
1759308084.1971657,y,134,213,60,79,3.6,26.4706,0.3231
1759308084.2193708,y,137,213,60,76,3.6,26.4706,0.3231
1759308084.2331927,y,138,213,60,75,3.6,26.4706,0.3231
1759308084.2557623,y,140,213,60,73,3.6,26.4706,0.3231
1759308084.2690456,y,141,213,60,72,3.6,26.4706,0.3231
1759308084.2932599,y,143,213,60,70,3.6,26.4706,0.3231
1759308084.3075354,y,144,213,60,69,3.6,26.4706,0.3231
1759308084.3346605,y,146,213,60,67,3.6,26.4706,0.3231
1759308084.358764,y,148,213,60,65,3.6,26.4706,0.3231
1759308084.3972704,y,151,213,60,62,3.6,26.4706,0.3231
1759308084.4314291,y,153,213,60,60,3.6,26.4706,0.3231
1759308084.4668658,y,156,213,60,57,3.6,26.4706,0.3231
1759308084.4921644,y,159,213,60,54,3.6,26.4706,0.3231
1759308084.5171323,y,161,213,60,52,3.6,26.4706,0.3231
1759308084.5415406,y,165,213,60,48,3.6,26.4706,0.3231
1759308084.557629,y,166,213,60,47,3.6,26.4706,0.3231
1759308084.5801342,y,168,213,60,45,3.6,26.4706,0.3231
1759308084.595333,y,169,213,60,44,3.6,26.4706,0.3231
1759308084.6167722,y,171,213,60,42,3.6,26.4706,0.3231
1759308084.6324506,y,172,213,60,41,3.6,26.4706,0.3231
1759308084.6558387,y,175,213,60,38,3.6,26.4706,0.3231
1759308084.6680977,y,176,213,60,37,3.6,26.4706,0.3231
1759308084.6912413,y,178,213,60,35,3.6,26.4706,0.3231
1759308084.705183,y,179,213,60,34,3.6,26.4706,0.3231
1759308084.728903,y,180,213,60,33,3.6,26.4706,0.3231
1759308084.747255,y,182,213,60,31,3.6,26.4706,0.3231
1759308084.7677903,y,184,213,60,29,3.6,26.4706,0.3231
1759308084.7987204,y,186,213,60,27,3.6,26.4706,0.3231
1759308084.8341813,y,189,213,60,24,3.6,26.4706,0.3231
1759308084.8638153,y,191,213,60,22,3.6,26.4706,0.3231
1759308084.881192,y,193,213,60,20,3.6,26.4706,0.3231
1759308084.9032207,y,195,213,60,18,3.6,26.4706,0.3231
1759308084.918526,y,196,213,60,17,3.6,26.4706,0.3231
1759308084.9439137,y,200,213,60,13,3.6,26.4706,0.3231
1759308084.958921,y,201,213,60,12,3.6,26.4706,0.3231
1759308084.983279,y,202,213,60,11,3.6,26.4706,0.3231
1759308084.9969335,y,204,213,60,9,3.6,26.4706,0.3231
1759308085.0186002,y,207,213,60,6,3.6,26.4706,0.3231
1759308085.0320482,y,208,213,60,5,3.6,26.4706,0.3231
1759308085.054482,y,210,213,60,3,3.6,26.4706,0.3231
1759308085.067769,y,211,213,60,2,3.6,26.4706,0.3231
1759308085.0900316,y,212,213,60,1,3.6,26.4706,0.3231
1759308085.1061141,y,214,213,60,-1,3.6,26.4706,0.3231
1759308085.1295483,y,215,213,60,-2,3.6,26.4706,0.3231
1759308085.1479363,y,218,213,60,-5,3.6,26.4706,0.3231
1759308085.169336,y,220,213,60,-7,3.6,26.4706,0.3231
1759308085.1874015,y,221,213,60,-8,3.6,26.4706,0.3231
1759308085.2105527,y,223,213,60,-10,3.6,26.4706,0.3231
1759308085.2293532,y,224,213,60,-11,3.6,26.4706,0.3231
1759308085.2512023,y,227,213,60,-14,3.6,26.4706,0.3231
1759308085.2669811,y,228,213,60,-15,3.6,26.4706,0.3231
1759308085.30149,y,230,213,60,-17,3.6,26.4706,0.3231
1759308085.3269346,y,233,213,60,-20,3.6,26.4706,0.3231
1759308085.3609574,y,237,213,60,-24,3.6,26.4706,0.3231
1759308085.385448,y,240,213,60,-27,3.6,26.4706,0.3231
1759308085.4011395,y,241,213,60,-28,3.6,26.4706,0.3231
1759308085.4245663,y,244,213,60,-31,3.6,26.4706,0.3231
1759308085.439877,y,245,213,60,-32,3.6,26.4706,0.3231
1759308085.463763,y,247,213,60,-34,3.6,26.4706,0.3231
1759308085.4777255,y,248,213,60,-35,3.6,26.4706,0.3231
1759308085.501133,y,250,213,60,-37,3.6,26.4706,0.3231
1759308085.514625,y,251,213,60,-38,3.6,26.4706,0.3231
1759308085.5369325,y,253,213,60,-40,3.6,26.4706,0.3231
1759308085.5511332,y,255,213,60,-42,3.6,26.4706,0.3231
1759308085.573674,y,257,213,60,-44,3.6,26.4706,0.3231
1759308085.588135,y,258,213,60,-45,3.6,26.4706,0.3231
1759308085.6113484,y,260,213,60,-47,3.6,26.4706,0.3231
1759308085.631058,y,261,213,60,-48,3.6,26.4706,0.3231
1759308085.6523473,y,264,213,60,-51,3.6,26.4706,0.3231
1759308085.6715324,y,265,213,60,-52,3.6,26.4706,0.3231
1759308085.6953413,y,267,213,60,-54,3.6,26.4706,0.3231
1759308085.7112286,y,269,213,60,-56,3.6,26.4706,0.3231
1759308085.734004,y,271,213,60,-58,3.6,26.4706,0.3231
1759308085.7511096,y,273,213,60,-60,3.6,26.4706,0.3231
1759308085.7764888,y,274,213,60,-61,3.6,26.4706,0.3231
1759308085.7904263,y,276,213,60,-63,3.6,26.4706,0.3231
1759308085.8127775,y,278,213,60,-65,3.6,26.4706,0.3231
1759308085.8304513,y,279,213,60,-66,3.6,26.4706,0.3231
1759308085.8514135,y,281,213,60,-68,3.6,26.4706,0.3231
1759308085.870659,y,283,213,60,-70,3.6,26.4706,0.3231
1759308085.8936632,y,285,213,60,-72,3.6,26.4706,0.3231
1759308085.9103074,y,287,213,60,-74,3.6,26.4706,0.3231
1759308085.9312973,y,289,213,60,-76,3.6,26.4706,0.3231
1759308085.9499547,y,291,213,60,-78,3.6,26.4706,0.3231
1759308085.9715457,y,292,213,60,-79,3.6,26.4706,0.3231
1759308085.9917552,y,294,213,60,-81,3.6,26.4706,0.3231
1759308086.0236044,y,297,213,60,-84,3.6,26.4706,0.3231
1759308086.0467641,y,298,213,60,-85,3.6,26.4706,0.3231
1759308086.0785124,y,301,213,60,-88,3.6,26.4706,0.3231
1759308086.0974927,y,304,213,60,-91,3.6,26.4706,0.3231
1759308086.111985,y,305,213,60,-92,3.6,26.4706,0.3231
1759308086.135036,y,307,213,60,-94,3.6,26.4706,0.3231
1759308086.1521277,y,308,213,60,-95,3.6,26.4706,0.3231
1759308086.1750941,y,312,213,60,-99,3.6,26.4706,0.3231
1759308086.1936843,y,314,213,60,-101,3.6,26.4706,0.3231
1759308086.217123,y,314,213,60,-101,3.6,26.4706,0.3231
1759308086.2324827,y,317,213,60,-104,3.6,26.4706,0.3231
1759308086.2564964,y,317,213,60,-104,3.6,26.4706,0.3231
1759308086.2706203,y,319,213,60,-106,3.6,26.4706,0.3231
1759308086.3029976,y,323,213,60,-110,3.6,26.4706,0.3231
1759308086.3353784,y,325,213,60,-112,3.6,26.4706,0.3231
1759308086.3670552,y,327,213,60,-114,3.6,26.4706,0.3231
1759308086.3919647,y,331,213,60,-118,3.6,26.4706,0.3231
1759308086.405005,y,334,213,60,-121,3.6,26.4706,0.3231
1759308086.4279943,y,336,213,60,-123,3.6,26.4706,0.3231
1759308086.4405787,y,336,213,60,-123,3.6,26.4706,0.3231
1759308086.4642727,y,338,213,60,-125,3.6,26.4706,0.3231
1759308086.4780033,y,341,213,60,-128,3.6,26.4706,0.3231
1759308086.5099397,y,341,213,60,-128,3.6,26.4706,0.3231
1759308086.5361745,y,345,213,60,-132,3.6,26.4706,0.3231
1759308086.567071,y,346,213,13.76177720841533,-133,3.6,26.4706,0.3231
1759308086.5921493,y,351,213,-60,-138,3.6,26.4706,0.3231
1759308086.6037729,y,354,213,-60,-141,3.6,26.4706,0.3231
1759308086.6282053,y,352,213,-60,-139,3.6,26.4706,0.3231
1759308086.6411712,y,352,213,-60,-139,3.6,26.4706,0.3231
1759308086.6639647,y,352,213,-60,-139,3.6,26.4706,0.3231
1759308086.6773486,y,349,213,-60,-136,3.6,26.4706,0.3231
1759308086.7105746,y,349,213,-60,-136,3.6,26.4706,0.3231
1759308086.7366283,y,344,213,-60,-131,3.6,26.4706,0.3231
1759308086.7668939,y,341,213,-60,-128,3.6,26.4706,0.3231
1759308086.796025,y,339,213,-60,-126,3.6,26.4706,0.3231
1759308086.8099287,y,336,213,-60,-123,3.6,26.4706,0.3231
1759308086.831778,y,335,213,-60,-122,3.6,26.4706,0.3231
1759308086.8456092,y,333,213,-60,-120,3.6,26.4706,0.3231
1759308086.8669164,y,330,213,-60,-117,3.6,26.4706,0.3231
1759308086.8833983,y,330,213,-60,-117,3.6,26.4706,0.3231
1759308086.9048872,y,325,213,-60,-112,3.6,26.4706,0.3231
1759308086.9212482,y,326,213,-60,-113,3.6,26.4706,0.3231
1759308086.9449317,y,322,213,-60,-109,3.6,26.4706,0.3231
1759308086.9612582,y,321,213,-60,-108,3.6,26.4706,0.3231
1759308086.9860215,y,319,213,-60,-106,3.6,26.4706,0.3231
1759308087.0008235,y,316,213,-60,-103,3.6,26.4706,0.3231
1759308087.0248237,y,315,213,-60,-102,3.6,26.4706,0.3231
1759308087.0360975,y,313,213,-60,-100,3.6,26.4706,0.3231
1759308087.05949,y,311,213,-60,-98,3.6,26.4706,0.3231
1759308087.0770519,y,310,213,-60,-97,3.6,26.4706,0.3231
1759308087.1020668,y,306,213,-60,-93,3.6,26.4706,0.3231
1759308087.1215243,y,305,213,-60,-92,3.6,26.4706,0.3231
1759308087.147513,y,302,213,-60,-89,3.6,26.4706,0.3231
1759308087.1648724,y,301,213,-60,-88,3.6,26.4706,0.3231
1759308087.190639,y,297,213,-60,-84,3.6,26.4706,0.3231
1759308087.2069826,y,297,213,-60,-84,3.6,26.4706,0.3231
1759308087.2327113,y,294,213,-60,-81,3.6,26.4706,0.3231
1759308087.2497935,y,292,213,-60,-79,3.6,26.4706,0.3231
1759308087.2745817,y,288,213,-60,-75,3.6,26.4706,0.3231
1759308087.28838,y,287,213,-60,-74,3.6,26.4706,0.3231
1759308087.312536,y,285,213,-60,-72,3.6,26.4706,0.3231
1759308087.3279018,y,283,213,-60,-70,3.6,26.4706,0.3231
1759308087.3504727,y,281,213,-60,-68,3.6,26.4706,0.3231
1759308087.3662243,y,279,213,-60,-66,3.6,26.4706,0.3231
1759308087.3869035,y,277,213,-60,-64,3.6,26.4706,0.3231
1759308087.405805,y,276,213,-60,-63,3.6,26.4706,0.3231
1759308087.4303854,y,273,213,-60,-60,3.6,26.4706,0.3231
1759308087.4513307,y,270,213,-60,-57,3.6,26.4706,0.3231
1759308087.472369,y,268,213,-60,-55,3.6,26.4706,0.3231
1759308087.5046268,y,267,213,-60,-54,3.6,26.4706,0.3231
1759308087.5396097,y,263,213,-60,-50,3.6,26.4706,0.3231
1759308087.5755687,y,259,213,-60,-46,3.6,26.4706,0.3231
1759308087.6019554,y,255,213,-60,-42,3.6,26.4706,0.3231
1759308087.6286042,y,252,213,-60,-39,3.6,26.4706,0.3231
1759308087.6533656,y,250,213,-60,-37,3.6,26.4706,0.3231
1759308087.6762779,y,247,213,-60,-34,3.6,26.4706,0.3231
1759308087.7013166,y,244,213,-60,-31,3.6,26.4706,0.3231
1759308087.73615,y,242,213,-60,-29,3.6,26.4706,0.3231
1759308087.7696059,y,239,213,-60,-26,3.6,26.4706,0.3231
1759308087.8007214,y,235,213,-60,-22,3.6,26.4706,0.3231
1759308087.821119,y,230,213,-60,-17,3.6,26.4706,0.3231
1759308087.8482854,y,229,213,-60,-16,3.6,26.4706,0.3231
1759308087.8698857,y,227,213,-60,-14,3.6,26.4706,0.3231
1759308087.895354,y,224,213,-60,-11,3.6,26.4706,0.3231
1759308087.9172778,y,221,213,-60,-8,3.6,26.4706,0.3231
1759308087.939769,y,218,213,-60,-5,3.6,26.4706,0.3231
1759308087.964127,y,216,213,-60,-3,3.6,26.4706,0.3231
1759308087.9854078,y,213,213,-60,0,3.6,26.4706,0.3231
1759308088.0089614,y,212,213,-60,1,3.6,26.4706,0.3231
1759308088.0326543,y,209,213,-60,4,3.6,26.4706,0.3231
1759308088.0550156,y,206,213,-60,7,3.6,26.4706,0.3231
1759308088.0800762,y,204,213,-60,9,3.6,26.4706,0.3231
1759308088.103883,y,201,213,-60,12,3.6,26.4706,0.3231
1759308088.126838,y,198,213,-60,15,3.6,26.4706,0.3231
1759308088.1507258,y,197,213,-60,16,3.6,26.4706,0.3231
1759308088.1737392,y,195,213,-60,18,3.6,26.4706,0.3231
1759308088.199038,y,192,213,-60,21,3.6,26.4706,0.3231
1759308088.2208378,y,190,213,-60,23,3.6,26.4706,0.3231
1759308088.247538,y,187,213,-60,26,3.6,26.4706,0.3231
1759308088.271349,y,185,213,-60,28,3.6,26.4706,0.3231
1759308088.295418,y,182,213,-60,31,3.6,26.4706,0.3231
1759308088.3282065,y,180,213,-60,33,3.6,26.4706,0.3231
1759308088.3624487,y,176,213,-60,37,3.6,26.4706,0.3231
1759308088.3949842,y,174,213,-60,39,3.6,26.4706,0.3231
1759308088.41614,y,170,213,-60,43,3.6,26.4706,0.3231
1759308088.4417555,y,167,213,-60,46,3.6,26.4706,0.3231
1759308088.4654293,y,166,213,-60,47,3.6,26.4706,0.3231
1759308088.4869986,y,163,213,-60,50,3.6,26.4706,0.3231
1759308088.5224512,y,161,213,-60,52,3.6,26.4706,0.3231
1759308088.5567324,y,157,213,-60,56,3.6,26.4706,0.3231
1759308088.5908842,y,154,213,-60,59,3.6,26.4706,0.3231
1759308088.6131868,y,152,213,-60,61,3.6,26.4706,0.3231
1759308088.6356177,y,149,213,-60,64,3.6,26.4706,0.3231
1759308088.657894,y,147,213,-60,66,3.6,26.4706,0.3231
1759308088.679797,y,144,213,-60,69,3.6,26.4706,0.3231
1759308088.7096448,y,142,213,-60,71,3.6,26.4706,0.3231
1759308088.739333,y,140,213,-60,73,3.6,26.4706,0.3231
1759308088.7740436,y,137,213,-60,76,3.6,26.4706,0.3231
1759308088.805673,y,134,213,-60,79,3.6,26.4706,0.3231
1759308088.8319924,y,131,213,-60,82,3.6,26.4706,0.3231
1759308088.852859,y,129,213,-60,84,3.6,26.4706,0.3231
1759308088.8765912,y,127,213,-60,86,3.6,26.4706,0.3231
1759308088.8949807,y,126,213,-60,87,3.6,26.4706,0.3231
1759308088.917427,y,124,213,-60,89,3.6,26.4706,0.3231
1759308088.9333675,y,122,213,-60,91,3.6,26.4706,0.3231
1759308088.958674,y,120,213,-60,93,3.6,26.4706,0.3231
1759308088.9733036,y,119,213,-60,94,3.6,26.4706,0.3231
1759308088.9973052,y,117,213,-60,96,3.6,26.4706,0.3231
1759308089.015424,y,116,213,-60,97,3.6,26.4706,0.3231
1759308089.0381672,y,114,213,-60,99,3.6,26.4706,0.3231
1759308089.0558627,y,112,213,-60,101,3.6,26.4706,0.3231
1759308089.0799828,y,111,213,-60,102,3.6,26.4706,0.3231
1759308089.0955791,y,110,213,-60,103,3.6,26.4706,0.3231
1759308089.1182477,y,109,213,-60,104,3.6,26.4706,0.3231
1759308089.1341488,y,108,213,-60,105,3.6,26.4706,0.3231
1759308089.1612575,y,108,213,-60,105,3.6,26.4706,0.3231
1759308089.1759105,y,107,213,-42.74001852950749,106,3.6,26.4706,0.3231
1759308089.1979449,y,106,213,15.882515537586526,107,3.6,26.4706,0.3231
1759308089.2172964,y,106,213,56.0293370427608,107,3.6,26.4706,0.3231
1759308089.2393465,y,105,213,60,108,3.6,26.4706,0.3231
1759308089.2563999,y,105,213,60,108,3.6,26.4706,0.3231
1759308089.2805088,y,105,213,60,108,3.6,26.4706,0.3231
1759308089.2968504,y,106,213,60,107,3.6,26.4706,0.3231
1759308089.3282576,y,106,213,60,107,3.6,26.4706,0.3231
1759308089.3535635,y,107,213,60,106,3.6,26.4706,0.3231
1759308089.3891923,y,108,213,60,105,3.6,26.4706,0.3231
1759308089.416336,y,109,213,60,104,3.6,26.4706,0.3231
1759308089.4312534,y,109,213,60,104,3.6,26.4706,0.3231
1759308089.4527237,y,110,213,60,103,3.6,26.4706,0.3231
1759308089.4663782,y,111,213,60,102,3.6,26.4706,0.3231
1759308089.4903243,y,112,213,60,101,3.6,26.4706,0.3231
1759308089.5022151,y,113,213,60,100,3.6,26.4706,0.3231
1759308089.5344074,y,114,213,60,99,3.6,26.4706,0.3231
1759308089.562587,y,117,213,60,96,3.6,26.4706,0.3231
1759308089.5879314,y,118,213,60,95,3.6,26.4706,0.3231
1759308089.617603,y,121,213,60,92,3.6,26.4706,0.3231
1759308089.6318393,y,122,213,60,91,3.6,26.4706,0.3231
1759308089.6545293,y,123,213,60,90,3.6,26.4706,0.3231
1759308089.6684995,y,124,213,60,89,3.6,26.4706,0.3231
1759308089.6918952,y,126,213,60,87,3.6,26.4706,0.3231
1759308089.7043078,y,127,213,60,86,3.6,26.4706,0.3231
1759308089.729843,y,130,213,60,83,3.6,26.4706,0.3231
1759308089.7437854,y,131,213,60,82,3.6,26.4706,0.3231
1759308089.7655134,y,133,213,60,80,3.6,26.4706,0.3231
1759308089.7800887,y,135,213,60,78,3.6,26.4706,0.3231
1759308089.8025918,y,137,213,60,76,3.6,26.4706,0.3231
1759308089.8204935,y,138,213,60,75,3.6,26.4706,0.3231
1759308089.8446035,y,140,213,60,73,3.6,26.4706,0.3231
1759308089.8619459,y,141,213,60,72,3.6,26.4706,0.3231
1759308089.8849657,y,144,213,60,69,3.6,26.4706,0.3231
1759308089.900432,y,146,213,60,67,3.6,26.4706,0.3231
1759308089.9242358,y,147,213,60,66,3.6,26.4706,0.3231
1759308089.9389758,y,149,213,60,64,3.6,26.4706,0.3231
1759308089.9629338,y,151,213,60,62,3.6,26.4706,0.3231
1759308089.9821393,y,152,213,60,61,3.6,26.4706,0.3231
1759308090.004602,y,154,213,60,59,3.6,26.4706,0.3231
1759308090.0243523,y,156,213,60,57,3.6,26.4706,0.3231
1759308090.056671,y,158,213,60,55,3.6,26.4706,0.3231
1759308090.0793805,y,160,213,60,53,3.6,26.4706,0.3231
1759308090.1096125,y,162,213,60,51,3.6,26.4706,0.3231
1759308090.1324177,y,166,213,60,47,3.6,26.4706,0.3231
1759308090.1466017,y,167,213,60,46,3.6,26.4706,0.3231
1759308090.1678646,y,169,213,60,44,3.6,26.4706,0.3231
1759308090.1839802,y,170,213,60,43,3.6,26.4706,0.3231
1759308090.20473,y,173,213,60,40,3.6,26.4706,0.3231
1759308090.2220206,y,174,213,60,39,3.6,26.4706,0.3231
1759308090.24678,y,176,213,60,37,3.6,26.4706,0.3231
1759308090.2622082,y,178,213,60,35,3.6,26.4706,0.3231
1759308090.2850978,y,180,213,60,33,3.6,26.4706,0.3231
1759308090.3009398,y,182,213,60,31,3.6,26.4706,0.3231
1759308090.3262172,y,184,213,60,29,3.6,26.4706,0.3231
1759308090.3414712,y,186,213,60,27,3.6,26.4706,0.3231
1759308090.3667164,y,187,213,60,26,3.6,26.4706,0.3231
1759308090.3838873,y,190,213,60,23,3.6,26.4706,0.3231
1759308090.4061244,y,192,213,60,21,3.6,26.4706,0.3231
1759308090.4227855,y,193,213,60,20,3.6,26.4706,0.3231
1759308090.4467287,y,196,213,60,17,3.6,26.4706,0.3231
1759308090.4634366,y,197,213,60,16,3.6,26.4706,0.3231
1759308090.4859533,y,199,213,60,14,3.6,26.4706,0.3231
1759308090.5017815,y,202,213,60,11,3.6,26.4706,0.3231
1759308090.5345418,y,203,213,60,10,3.6,26.4706,0.3231
1759308090.5643823,y,205,213,60,8,3.6,26.4706,0.3231
1759308090.595052,y,209,213,60,4,3.6,26.4706,0.3231
1759308090.6211138,y,212,213,60,1,3.6,26.4706,0.3231
1759308090.6342802,y,213,213,60,0,3.6,26.4706,0.3231
1759308090.6579673,y,216,213,60,-3,3.6,26.4706,0.3231
1759308090.6701765,y,217,213,60,-4,3.6,26.4706,0.3231
1759308090.6955884,y,219,213,60,-6,3.6,26.4706,0.3231
1759308090.7087257,y,220,213,60,-7,3.6,26.4706,0.3231
1759308090.74301,y,223,213,60,-10,3.6,26.4706,0.3231
1759308090.7700648,y,225,213,60,-12,3.6,26.4706,0.3231
1759308090.8006783,y,227,213,60,-14,3.6,26.4706,0.3231
1759308090.8269024,y,231,213,60,-18,3.6,26.4706,0.3231
1759308090.8399606,y,232,213,60,-19,3.6,26.4706,0.3231
1759308090.8637776,y,235,213,60,-22,3.6,26.4706,0.3231
1759308090.8788195,y,236,213,60,-23,3.6,26.4706,0.3231
1759308090.900091,y,238,213,60,-25,3.6,26.4706,0.3231
1759308090.9149597,y,240,213,60,-27,3.6,26.4706,0.3231
1759308090.947559,y,242,213,60,-29,3.6,26.4706,0.3231
1759308090.9731917,y,244,213,60,-31,3.6,26.4706,0.3231
1759308091.0016813,y,247,213,60,-34,3.6,26.4706,0.3231
1759308091.0289366,y,251,213,60,-38,3.6,26.4706,0.3231
1759308091.0420115,y,252,213,60,-39,3.6,26.4706,0.3231
1759308091.0638885,y,254,213,60,-41,3.6,26.4706,0.3231
1759308091.08547,y,257,213,60,-44,3.6,26.4706,0.3231
1759308091.1034439,y,258,213,60,-45,3.6,26.4706,0.3231
1759308091.1285796,y,261,213,60,-48,3.6,26.4706,0.3231
1759308091.1451695,y,262,213,60,-49,3.6,26.4706,0.3231
1759308091.1661422,y,265,213,60,-52,3.6,26.4706,0.3231
1759308091.1867466,y,267,213,60,-54,3.6,26.4706,0.3231
1759308091.2096357,y,270,213,60,-57,3.6,26.4706,0.3231
1759308091.2341726,y,271,213,60,-58,3.6,26.4706,0.3231
1759308091.2688665,y,274,213,60,-61,3.6,26.4706,0.3231
1759308091.3041444,y,277,213,60,-64,3.6,26.4706,0.3231
1759308091.3288517,y,280,213,60,-67,3.6,26.4706,0.3231
1759308091.3476405,y,283,213,60,-70,3.6,26.4706,0.3231
1759308091.3692555,y,286,213,60,-73,3.6,26.4706,0.3231
1759308091.3904698,y,287,213,60,-74,3.6,26.4706,0.3231
1759308091.4144256,y,289,213,60,-76,3.6,26.4706,0.3231
1759308091.4277818,y,291,213,60,-78,3.6,26.4706,0.3231
1759308091.4516134,y,293,213,60,-80,3.6,26.4706,0.3231
1759308091.4663715,y,294,213,60,-81,3.6,26.4706,0.3231
1759308091.4909554,y,297,213,60,-84,3.6,26.4706,0.3231
1759308091.5058074,y,298,213,60,-85,3.6,26.4706,0.3231
1759308091.5319107,y,301,213,60,-88,3.6,26.4706,0.3231
1759308091.5613668,y,303,213,60,-90,3.6,26.4706,0.3231
1759308091.5938704,y,306,213,60,-93,3.6,26.4706,0.3231
1759308091.6155353,y,308,213,60,-95,3.6,26.4706,0.3231
1759308091.6340125,y,311,213,60,-98,3.6,26.4706,0.3231
1759308091.65556,y,313,213,60,-100,3.6,26.4706,0.3231
1759308091.6671245,y,315,213,60,-102,3.6,26.4706,0.3231
1759308091.6933587,y,317,213,60,-104,3.6,26.4706,0.3231
1759308091.7065158,y,319,213,60,-106,3.6,26.4706,0.3231
1759308091.7298722,y,321,213,11.837832718563938,-108,3.6,26.4706,0.3231
1759308091.7569444,y,322,213,-54.14130191191952,-109,3.6,26.4706,0.3231
1759308091.791383,y,326,213,-60,-113,3.6,26.4706,0.3231
1759308091.8139834,y,327,213,-60,-114,3.6,26.4706,0.3231
1759308091.837108,y,325,213,-60,-112,3.6,26.4706,0.3231
1759308091.8602505,y,322,213,-60,-109,3.6,26.4706,0.3231
1759308091.8762414,y,321,213,-60,-108,3.6,26.4706,0.3231
1759308091.9012873,y,316,213,-60,-103,3.6,26.4706,0.3231
1759308091.9149175,y,315,213,-60,-102,3.6,26.4706,0.3231
1759308091.938821,y,314,213,-60,-101,3.6,26.4706,0.3231
1759308091.952413,y,311,213,-60,-98,3.6,26.4706,0.3231
1759308091.9782476,y,308,213,-60,-95,3.6,26.4706,0.3231
1759308091.9908533,y,307,213,-60,-94,3.6,26.4706,0.3231
1759308092.0133018,y,306,213,-60,-93,3.6,26.4706,0.3231
1759308092.0312948,y,303,213,-60,-90,3.6,26.4706,0.3231
1759308092.0516565,y,301,213,-60,-88,3.6,26.4706,0.3231
1759308092.0707996,y,300,213,-60,-87,3.6,26.4706,0.3231
1759308092.095768,y,297,213,-60,-84,3.6,26.4706,0.3231
1759308092.1127713,y,296,213,-60,-83,3.6,26.4706,0.3231
1759308092.1354935,y,293,213,-60,-80,3.6,26.4706,0.3231
1759308092.1503634,y,291,213,-60,-78,3.6,26.4706,0.3231
1759308092.1739566,y,289,213,-60,-76,3.6,26.4706,0.3231
1759308092.1921265,y,287,213,-60,-74,3.6,26.4706,0.3231
1759308092.213387,y,284,213,-60,-71,3.6,26.4706,0.3231
1759308092.2316954,y,283,213,-60,-70,3.6,26.4706,0.3231
1759308092.2528062,y,281,213,-60,-68,3.6,26.4706,0.3231
1759308092.2734737,y,279,213,-60,-66,3.6,26.4706,0.3231
1759308092.2989762,y,277,213,-60,-64,3.6,26.4706,0.3231
1759308092.3170621,y,276,213,-60,-63,3.6,26.4706,0.3231
1759308092.3453047,y,272,213,-60,-59,3.6,26.4706,0.3231
1759308092.36168,y,271,213,-60,-58,3.6,26.4706,0.3231
1759308092.384269,y,268,213,-60,-55,3.6,26.4706,0.3231
1759308092.4007015,y,267,213,-60,-54,3.6,26.4706,0.3231
1759308092.4229207,y,264,213,-60,-51,3.6,26.4706,0.3231
1759308092.44074,y,263,213,-60,-50,3.6,26.4706,0.3231
1759308092.4647183,y,260,213,-60,-47,3.6,26.4706,0.3231
1759308092.480833,y,259,213,-60,-46,3.6,26.4706,0.3231
1759308092.5050478,y,255,213,-60,-42,3.6,26.4706,0.3231
1759308092.518254,y,253,213,-60,-40,3.6,26.4706,0.3231
1759308092.5415034,y,252,213,-60,-39,3.6,26.4706,0.3231
1759308092.5532215,y,251,213,-60,-38,3.6,26.4706,0.3231
1759308092.5782144,y,248,213,-60,-35,3.6,26.4706,0.3231
1759308092.592123,y,246,213,-60,-33,3.6,26.4706,0.3231
1759308092.6156769,y,244,213,-60,-31,3.6,26.4706,0.3231
1759308092.633536,y,242,213,-60,-29,3.6,26.4706,0.3231
1759308092.6541378,y,239,213,-60,-26,3.6,26.4706,0.3231
1759308092.6718252,y,238,213,-60,-25,3.6,26.4706,0.3231
1759308092.6945357,y,235,213,-60,-22,3.6,26.4706,0.3231
1759308092.7125385,y,234,213,-60,-21,3.6,26.4706,0.3231
1759308092.7345383,y,231,213,-60,-18,3.6,26.4706,0.3231
1759308092.750685,y,230,213,-60,-17,3.6,26.4706,0.3231
1759308092.77635,y,227,213,-60,-14,3.6,26.4706,0.3231
1759308092.7920911,y,226,213,-60,-13,3.6,26.4706,0.3231
1759308092.814596,y,223,213,-60,-10,3.6,26.4706,0.3231
1759308092.8332262,y,221,213,-60,-8,3.6,26.4706,0.3231
1759308092.8542671,y,218,213,-60,-5,3.6,26.4706,0.3231
1759308092.8741646,y,217,213,-60,-4,3.6,26.4706,0.3231
1759308092.897943,y,214,213,-60,-1,3.6,26.4706,0.3231
1759308092.9130325,y,213,213,-60,0,3.6,26.4706,0.3231
1759308092.9353738,y,210,213,-60,3,3.6,26.4706,0.3231
1759308092.9522183,y,209,213,-60,4,3.6,26.4706,0.3231
1759308092.9765403,y,206,213,-60,7,3.6,26.4706,0.3231
1759308092.9908664,y,205,213,-60,8,3.6,26.4706,0.3231
1759308093.0135713,y,202,213,-60,11,3.6,26.4706,0.3231
1759308093.0342104,y,200,213,-60,13,3.6,26.4706,0.3231
1759308093.0567951,y,199,213,-60,14,3.6,26.4706,0.3231
1759308093.076324,y,196,213,-60,17,3.6,26.4706,0.3231
1759308093.1073554,y,193,213,-60,20,3.6,26.4706,0.3231
1759308093.132471,y,191,213,-60,22,3.6,26.4706,0.3231
1759308093.1645386,y,188,213,-60,25,3.6,26.4706,0.3231
1759308093.1971433,y,184,213,-60,29,3.6,26.4706,0.3231
1759308093.211804,y,182,213,-60,31,3.6,26.4706,0.3231
1759308093.2321262,y,179,213,-60,34,3.6,26.4706,0.3231
1759308093.2565672,y,178,213,-60,35,3.6,26.4706,0.3231
1759308093.2738316,y,176,213,-60,37,3.6,26.4706,0.3231
1759308093.2965047,y,173,213,-60,40,3.6,26.4706,0.3231
1759308093.3256512,y,172,213,-60,41,3.6,26.4706,0.3231
1759308093.3567226,y,168,213,-60,45,3.6,26.4706,0.3231
1759308093.3852928,y,165,213,-60,48,3.6,26.4706,0.3231
1759308093.4086747,y,163,213,-60,50,3.6,26.4706,0.3231
1759308093.4323459,y,161,213,-60,52,3.6,26.4706,0.3231
1759308093.4472406,y,159,213,-60,54,3.6,26.4706,0.3231
1759308093.4694057,y,155,213,-60,58,3.6,26.4706,0.3231
1759308093.4853487,y,154,213,-60,59,3.6,26.4706,0.3231
1759308093.5116465,y,153,213,-60,60,3.6,26.4706,0.3231
1759308093.5355654,y,151,213,-60,62,3.6,26.4706,0.3231
1759308093.5671616,y,149,213,-60,64,3.6,26.4706,0.3231
1759308093.6033857,y,146,213,-60,67,3.6,26.4706,0.3231
1759308093.6188786,y,143,213,-60,70,3.6,26.4706,0.3231
1759308093.6369348,y,141,213,-60,72,3.6,26.4706,0.3231
1759308093.6616633,y,140,213,-60,73,3.6,26.4706,0.3231
1759308093.6794205,y,138,213,-60,75,3.6,26.4706,0.3231
1759308093.7030387,y,135,213,-60,78,3.6,26.4706,0.3231
1759308093.71747,y,134,213,-60,79,3.6,26.4706,0.3231
1759308093.7441623,y,132,213,-60,81,3.6,26.4706,0.3231
1759308093.757995,y,131,213,-60,82,3.6,26.4706,0.3231
1759308093.7805665,y,129,213,-60,84,3.6,26.4706,0.3231
1759308093.799698,y,128,213,-50.18794851822176,85,3.6,26.4706,0.3231
1759308093.8326569,y,124,213,60,89,3.6,26.4706,0.3231
1759308093.8564389,y,124,213,60,89,3.6,26.4706,0.3231
1759308093.888527,y,121,213,60,92,3.6,26.4706,0.3231
1759308093.9169,y,122,213,60,91,3.6,26.4706,0.3231
1759308093.9316144,y,123,213,60,90,3.6,26.4706,0.3231
1759308093.9545503,y,125,213,60,88,3.6,26.4706,0.3231
1759308093.969941,y,126,213,60,87,3.6,26.4706,0.3231
1759308093.994621,y,128,213,60,85,3.6,26.4706,0.3231
1759308094.0119739,y,129,213,60,84,3.6,26.4706,0.3231
1759308094.0445914,y,131,213,60,82,3.6,26.4706,0.3231
1759308094.0688953,y,133,213,60,80,3.6,26.4706,0.3231
1759308094.0932596,y,134,213,60,79,3.6,26.4706,0.3231
1759308094.1217177,y,137,213,60,76,3.6,26.4706,0.3231
1759308094.1370265,y,138,213,60,75,3.6,26.4706,0.3231
1759308094.1619134,y,140,213,60,73,3.6,26.4706,0.3231
1759308094.1784832,y,141,213,60,72,3.6,26.4706,0.3231
1759308094.2024865,y,143,213,60,70,3.6,26.4706,0.3231
1759308094.2163177,y,145,213,60,68,3.6,26.4706,0.3231
1759308094.239358,y,147,213,60,66,3.6,26.4706,0.3231
1759308094.2516577,y,148,213,60,65,3.6,26.4706,0.3231
1759308094.2757742,y,149,213,60,64,3.6,26.4706,0.3231
1759308094.2874248,y,150,213,60,63,3.6,26.4706,0.3231
1759308094.312526,y,151,213,60,62,3.6,26.4706,0.3231
1759308094.3311415,y,152,213,60,61,3.6,26.4706,0.3231
1759308094.3530667,y,155,213,60,58,3.6,26.4706,0.3231
1759308094.3687942,y,156,213,60,57,3.6,26.4706,0.3231
1759308094.3918042,y,158,213,60,55,3.6,26.4706,0.3231
1759308094.4075284,y,159,213,60,54,3.6,26.4706,0.3231
1759308094.4319181,y,162,213,60,51,3.6,26.4706,0.3231
1759308094.4464107,y,163,213,60,50,3.6,26.4706,0.3231
1759308094.4784834,y,165,213,60,48,3.6,26.4706,0.3231
1759308094.5017805,y,167,213,60,46,3.6,26.4706,0.3231
1759308094.531724,y,169,213,60,44,3.6,26.4706,0.3231
1759308094.5547416,y,172,213,60,41,3.6,26.4706,0.3231
1759308094.5721774,y,173,213,60,40,3.6,26.4706,0.3231
1759308094.5969512,y,175,213,60,38,3.6,26.4706,0.3231
1759308094.6120703,y,176,213,60,37,3.6,26.4706,0.3231
1759308094.6351175,y,178,213,60,35,3.6,26.4706,0.3231
1759308094.650887,y,180,213,60,33,3.6,26.4706,0.3231
1759308094.6845925,y,182,213,60,31,3.6,26.4706,0.3231
1759308094.712794,y,184,213,60,29,3.6,26.4706,0.3231
1759308094.735436,y,186,213,60,27,3.6,26.4706,0.3231
1759308094.7611609,y,189,213,60,24,3.6,26.4706,0.3231
1759308094.777794,y,190,213,60,23,3.6,26.4706,0.3231
1759308094.8012645,y,192,213,60,21,3.6,26.4706,0.3231
1759308094.815245,y,193,213,60,20,3.6,26.4706,0.3231
1759308094.8383799,y,196,213,60,17,3.6,26.4706,0.3231
1759308094.8531866,y,197,213,60,16,3.6,26.4706,0.3231
1759308094.8774254,y,199,213,60,14,3.6,26.4706,0.3231
1759308094.8892958,y,200,213,60,13,3.6,26.4706,0.3231
1759308094.9128428,y,202,213,60,11,3.6,26.4706,0.3231
1759308094.929413,y,203,213,60,10,3.6,26.4706,0.3231
1759308094.9500654,y,205,213,60,8,3.6,26.4706,0.3231
1759308094.9783998,y,207,213,60,6,3.6,26.4706,0.3231
1759308095.0101228,y,210,213,60,3,3.6,26.4706,0.3231
1759308095.0321915,y,212,213,60,1,3.6,26.4706,0.3231
1759308095.0576956,y,215,213,60,-2,3.6,26.4706,0.3231
1759308095.0826058,y,217,213,60,-4,3.6,26.4706,0.3231
1759308095.0971859,y,219,213,60,-6,3.6,26.4706,0.3231
1759308095.118824,y,221,213,60,-8,3.6,26.4706,0.3231
1759308095.1332672,y,222,213,60,-9,3.6,26.4706,0.3231
1759308095.1566014,y,224,213,60,-11,3.6,26.4706,0.3231
1759308095.1686091,y,225,213,60,-12,3.6,26.4706,0.3231
1759308095.1944695,y,227,213,60,-14,3.6,26.4706,0.3231
1759308095.2105446,y,229,213,60,-16,3.6,26.4706,0.3231
1759308095.2317789,y,231,213,60,-18,3.6,26.4706,0.3231
1759308095.2521396,y,233,213,60,-20,3.6,26.4706,0.3231
1759308095.2857075,y,235,213,60,-22,3.6,26.4706,0.3231
1759308095.3121166,y,238,213,60,-25,3.6,26.4706,0.3231
1759308095.343141,y,240,213,60,-27,3.6,26.4706,0.3231
1759308095.3684998,y,244,213,60,-31,3.6,26.4706,0.3231
1759308095.3851354,y,245,213,60,-32,3.6,26.4706,0.3231
1759308095.4085157,y,247,213,60,-34,3.6,26.4706,0.3231
1759308095.425259,y,249,213,60,-36,3.6,26.4706,0.3231
1759308095.4486027,y,252,213,60,-39,3.6,26.4706,0.3231
1759308095.4634097,y,254,213,60,-41,3.6,26.4706,0.3231
1759308095.4874294,y,255,213,60,-42,3.6,26.4706,0.3231
1759308095.500799,y,257,213,60,-44,3.6,26.4706,0.3231
1759308095.5251403,y,260,213,60,-47,3.6,26.4706,0.3231
1759308095.537302,y,261,213,60,-48,3.6,26.4706,0.3231
1759308095.5622735,y,263,213,60,-50,3.6,26.4706,0.3231
1759308095.5757995,y,264,213,60,-51,3.6,26.4706,0.3231
1759308095.5974703,y,267,213,60,-54,3.6,26.4706,0.3231
1759308095.6151485,y,268,213,60,-55,3.6,26.4706,0.3231
1759308095.636683,y,270,213,60,-57,3.6,26.4706,0.3231
1759308095.654235,y,272,213,60,-59,3.6,26.4706,0.3231
1759308095.6779187,y,274,213,60,-61,3.6,26.4706,0.3231
1759308095.6960917,y,275,213,60,-62,3.6,26.4706,0.3231
1759308095.7177763,y,278,213,60,-65,3.6,26.4706,0.3231
1759308095.7338784,y,279,213,60,-66,3.6,26.4706,0.3231
1759308095.7604551,y,281,213,60,-68,3.6,26.4706,0.3231
1759308095.783653,y,284,213,60,-71,3.6,26.4706,0.3231
1759308095.8231463,y,286,213,60,-73,3.6,26.4706,0.3231
1759308095.848999,y,289,213,60,-76,3.6,26.4706,0.3231
1759308095.8720682,y,292,213,60,-79,3.6,26.4706,0.3231
1759308095.8962057,y,296,213,-15.185929255229006,-83,3.6,26.4706,0.3231
1759308095.910533,y,297,213,-19.651212747366422,-84,3.6,26.4706,0.3231
1759308095.9325252,y,299,213,-60,-86,3.6,26.4706,0.3231
1759308095.948148,y,300,213,-60,-87,3.6,26.4706,0.3231
1759308095.9700897,y,300,213,-60,-87,3.6,26.4706,0.3231
1759308095.9859543,y,300,213,-60,-87,3.6,26.4706,0.3231
1759308096.0116901,y,297,213,-60,-84,3.6,26.4706,0.3231
1759308096.0267828,y,296,213,-60,-83,3.6,26.4706,0.3231
1759308096.0502172,y,293,213,-60,-80,3.6,26.4706,0.3231
1759308096.0646155,y,291,213,-60,-78,3.6,26.4706,0.3231
1759308096.0985684,y,290,213,-60,-77,3.6,26.4706,0.3231
1759308096.1243536,y,287,213,-60,-74,3.6,26.4706,0.3231
1759308096.1461542,y,285,213,-60,-72,3.6,26.4706,0.3231
1759308096.177861,y,281,213,-60,-68,3.6,26.4706,0.3231
1759308096.1911142,y,280,213,-60,-67,3.6,26.4706,0.3231
1759308096.2149239,y,277,213,-60,-64,3.6,26.4706,0.3231
1759308096.2294137,y,275,213,-60,-62,3.6,26.4706,0.3231
1759308096.2519736,y,273,213,-60,-60,3.6,26.4706,0.3231
1759308096.2662582,y,272,213,-60,-59,3.6,26.4706,0.3231
1759308096.2909212,y,270,213,-60,-57,3.6,26.4706,0.3231
1759308096.302614,y,268,213,-60,-55,3.6,26.4706,0.3231
1759308096.3257773,y,267,213,-60,-54,3.6,26.4706,0.3231
1759308096.3385057,y,265,213,-60,-52,3.6,26.4706,0.3231
1759308096.362666,y,263,213,-60,-50,3.6,26.4706,0.3231
1759308096.3789132,y,261,213,-60,-48,3.6,26.4706,0.3231
1759308096.4001188,y,259,213,-60,-46,3.6,26.4706,0.3231
1759308096.4187,y,256,213,-60,-43,3.6,26.4706,0.3231
1759308096.4422362,y,255,213,-60,-42,3.6,26.4706,0.3231
1759308096.4610283,y,252,213,-60,-39,3.6,26.4706,0.3231
1759308096.4836452,y,249,213,-60,-36,3.6,26.4706,0.3231
1759308096.4994702,y,248,213,-60,-35,3.6,26.4706,0.3231
1759308096.5236819,y,246,213,-60,-33,3.6,26.4706,0.3231
1759308096.5373511,y,244,213,-60,-31,3.6,26.4706,0.3231
1759308096.561837,y,242,213,-60,-29,3.6,26.4706,0.3231
1759308096.5790653,y,239,213,-60,-26,3.6,26.4706,0.3231
1759308096.6001961,y,238,213,-60,-25,3.6,26.4706,0.3231
1759308096.6211646,y,237,213,-60,-24,3.6,26.4706,0.3231
1759308096.6455297,y,233,213,-60,-20,3.6,26.4706,0.3231
1759308096.6624084,y,232,213,-60,-19,3.6,26.4706,0.3231
1759308096.6856368,y,229,213,-60,-16,3.6,26.4706,0.3231
1759308096.70026,y,228,213,-60,-15,3.6,26.4706,0.3231
1759308096.724988,y,225,213,-60,-12,3.6,26.4706,0.3231
1759308096.7384665,y,224,213,-60,-11,3.6,26.4706,0.3231
1759308096.768881,y,222,213,-60,-9,3.6,26.4706,0.3231
1759308096.7986708,y,220,213,-60,-7,3.6,26.4706,0.3231
1759308096.8321147,y,216,213,-60,-3,3.6,26.4706,0.3231
1759308096.8651092,y,212,213,-60,1,3.6,26.4706,0.3231
1759308096.8797016,y,211,213,-60,2,3.6,26.4706,0.3231
1759308096.8993042,y,209,213,-60,4,3.6,26.4706,0.3231
1759308096.9226213,y,207,213,-60,6,3.6,26.4706,0.3231
1759308096.9429555,y,205,213,-60,8,3.6,26.4706,0.3231
1759308096.9652362,y,203,213,-60,10,3.6,26.4706,0.3231
1759308096.981804,y,202,213,-60,11,3.6,26.4706,0.3231
1759308097.0027404,y,199,213,-60,14,3.6,26.4706,0.3231
1759308097.0216355,y,197,213,-60,16,3.6,26.4706,0.3231
1759308097.045238,y,196,213,-60,17,3.6,26.4706,0.3231
1759308097.0618525,y,193,213,-60,20,3.6,26.4706,0.3231
1759308097.0842204,y,191,213,-60,22,3.6,26.4706,0.3231
1759308097.1008554,y,190,213,-60,23,3.6,26.4706,0.3231
1759308097.1246257,y,187,213,-60,26,3.6,26.4706,0.3231
1759308097.1399605,y,186,213,-60,27,3.6,26.4706,0.3231
1759308097.1630769,y,184,213,-60,29,3.6,26.4706,0.3231
1759308097.1827164,y,183,213,-60,30,3.6,26.4706,0.3231
1759308097.2054715,y,180,213,-60,33,3.6,26.4706,0.3231
1759308097.2241,y,179,213,-60,34,3.6,26.4706,0.3231
1759308097.2480364,y,176,213,-60,37,3.6,26.4706,0.3231
1759308097.264145,y,175,213,-60,38,3.6,26.4706,0.3231
1759308097.2854578,y,172,213,-60,41,3.6,26.4706,0.3231
1759308097.3024116,y,171,213,-60,42,3.6,26.4706,0.3231
1759308097.3256946,y,168,213,-60,45,3.6,26.4706,0.3231
1759308097.3422515,y,167,213,-60,46,3.6,26.4706,0.3231
1759308097.3646088,y,165,213,-60,48,3.6,26.4706,0.3231
1759308097.3906653,y,163,213,-60,50,3.6,26.4706,0.3231
1759308097.4161253,y,160,213,-60,53,3.6,26.4706,0.3231
1759308097.4321585,y,159,213,-60,54,3.6,26.4706,0.3231
1759308097.4556935,y,157,213,-60,56,3.6,26.4706,0.3231
1759308097.470112,y,156,213,-60,57,3.6,26.4706,0.3231
1759308097.4943244,y,154,213,-60,59,3.6,26.4706,0.3231
1759308097.5070045,y,153,213,-57.22176575387446,60,3.6,26.4706,0.3231
1759308097.5307095,y,151,213,-9.338550360757253,62,3.6,26.4706,0.3231
1759308097.5448806,y,150,213,13.43371332484243,63,3.6,26.4706,0.3231
1759308097.566034,y,148,213,60,65,3.6,26.4706,0.3231
1759308097.5854826,y,147,213,60,66,3.6,26.4706,0.3231
1759308097.6124852,y,146,213,60,67,3.6,26.4706,0.3231
1759308097.6277232,y,146,213,60,67,3.6,26.4706,0.3231
1759308097.6518857,y,149,213,60,64,3.6,26.4706,0.3231
1759308097.666505,y,150,213,60,63,3.6,26.4706,0.3231
1759308097.6911016,y,152,213,60,61,3.6,26.4706,0.3231
1759308097.703713,y,152,213,60,61,3.6,26.4706,0.3231
1759308097.728545,y,154,213,60,59,3.6,26.4706,0.3231
1759308097.745258,y,155,213,60,58,3.6,26.4706,0.3231
1759308097.7664685,y,157,213,60,56,3.6,26.4706,0.3231
1759308097.7852533,y,158,213,60,55,3.6,26.4706,0.3231
1759308097.8084135,y,160,213,60,53,3.6,26.4706,0.3231
1759308097.828107,y,161,213,60,52,3.6,26.4706,0.3231
1759308097.8503916,y,164,213,60,49,3.6,26.4706,0.3231
1759308097.8653507,y,165,213,60,48,3.6,26.4706,0.3231
1759308097.889844,y,167,213,60,46,3.6,26.4706,0.3231
1759308097.915138,y,168,213,60,45,3.6,26.4706,0.3231
1759308097.9489422,y,170,213,60,43,3.6,26.4706,0.3231
1759308097.9736633,y,172,213,60,41,3.6,26.4706,0.3231
1759308098.0002618,y,176,213,60,37,3.6,26.4706,0.3231
1759308098.0232632,y,177,213,60,36,3.6,26.4706,0.3231
1759308098.0352495,y,178,213,60,35,3.6,26.4706,0.3231
1759308098.05823,y,180,213,60,33,3.6,26.4706,0.3231
1759308098.070405,y,181,213,60,32,3.6,26.4706,0.3231
1759308098.095615,y,183,213,60,30,3.6,26.4706,0.3231
1759308098.1176271,y,184,213,60,29,3.6,26.4706,0.3231
1759308098.178757,y,186,213,60,27,3.6,26.4706,0.3231
1759308098.2106526,y,192,213,60,21,3.6,26.4706,0.3231
1759308098.240027,y,195,213,60,18,3.6,26.4706,0.3231
1759308098.2767916,y,198,213,60,15,3.6,26.4706,0.3231
1759308098.3016098,y,201,213,60,12,3.6,26.4706,0.3231
1759308098.3267758,y,203,213,60,10,3.6,26.4706,0.3231
1759308098.362,y,205,213,60,8,3.6,26.4706,0.3231
1759308098.3835351,y,208,213,60,5,3.6,26.4706,0.3231
1759308098.398213,y,209,213,60,4,3.6,26.4706,0.3231
1759308098.4195373,y,212,213,60,1,3.6,26.4706,0.3231
1759308098.43554,y,213,213,60,0,3.6,26.4706,0.3231
1759308098.4580474,y,215,213,60,-2,3.6,26.4706,0.3231
1759308098.4753706,y,216,213,60,-3,3.6,26.4706,0.3231
1759308098.5090969,y,218,213,60,-5,3.6,26.4706,0.3231
1759308098.5312645,y,221,213,60,-8,3.6,26.4706,0.3231
1759308098.5627427,y,223,213,60,-10,3.6,26.4706,0.3231
1759308098.585531,y,227,213,60,-14,3.6,26.4706,0.3231
1759308098.599815,y,228,213,60,-15,3.6,26.4706,0.3231
1759308098.624944,y,230,213,60,-17,3.6,26.4706,0.3231
1759308098.6392746,y,231,213,60,-18,3.6,26.4706,0.3231
1759308098.6624882,y,234,213,60,-21,3.6,26.4706,0.3231
1759308098.6754975,y,235,213,60,-22,3.6,26.4706,0.3231
1759308098.6974897,y,237,213,60,-24,3.6,26.4706,0.3231
1759308098.7143903,y,238,213,60,-25,3.6,26.4706,0.3231
1759308098.7363617,y,241,213,60,-28,3.6,26.4706,0.3231
1759308098.7547932,y,242,213,60,-29,3.6,26.4706,0.3231
1759308098.7795892,y,244,213,60,-31,3.6,26.4706,0.3231
1759308098.7968526,y,245,213,60,-32,3.6,26.4706,0.3231
1759308098.8180177,y,249,213,60,-36,3.6,26.4706,0.3231
1759308098.8336213,y,250,213,60,-37,3.6,26.4706,0.3231
1759308098.8590503,y,252,213,60,-39,3.6,26.4706,0.3231
1759308098.8722517,y,254,213,60,-41,3.6,26.4706,0.3231
1759308098.9077952,y,256,213,60,-43,3.6,26.4706,0.3231
1759308098.9352672,y,258,213,60,-45,3.6,26.4706,0.3231
1759308098.9641356,y,261,213,60,-48,3.6,26.4706,0.3231
1759308098.9987917,y,265,213,12.448975000114821,-52,3.6,26.4706,0.3231
1759308099.0238268,y,267,213,-19.056092445448577,-54,3.6,26.4706,0.3231
1759308099.0500126,y,270,213,-60,-57,3.6,26.4706,0.3231
1759308099.080641,y,272,213,-60,-59,3.6,26.4706,0.3231
1759308099.1082706,y,272,213,-60,-59,3.6,26.4706,0.3231
1759308099.1303575,y,270,213,-60,-57,3.6,26.4706,0.3231
1759308099.157407,y,265,213,-60,-52,3.6,26.4706,0.3231
1759308099.1806142,y,264,213,-60,-51,3.6,26.4706,0.3231
1759308099.1960602,y,261,213,-60,-48,3.6,26.4706,0.3231
1759308099.2169442,y,259,213,-60,-46,3.6,26.4706,0.3231
1759308099.2341635,y,257,213,-60,-44,3.6,26.4706,0.3231
1759308099.2586567,y,254,213,-60,-41,3.6,26.4706,0.3231
1759308099.277423,y,253,213,-60,-40,3.6,26.4706,0.3231
1759308099.3018117,y,250,213,-60,-37,3.6,26.4706,0.3231
1759308099.3163745,y,249,213,-60,-36,3.6,26.4706,0.3231
1759308099.340214,y,247,213,-60,-34,3.6,26.4706,0.3231
1759308099.3543394,y,246,213,-60,-33,3.6,26.4706,0.3231
1759308099.378452,y,244,213,-60,-31,3.6,26.4706,0.3231
1759308099.408487,y,242,213,-60,-29,3.6,26.4706,0.3231
1759308099.4415133,y,239,213,-60,-26,3.6,26.4706,0.3231
1759308099.4697945,y,236,213,-60,-23,3.6,26.4706,0.3231
1759308099.4915917,y,233,213,-60,-20,3.6,26.4706,0.3231
1759308099.5156834,y,230,213,-60,-17,3.6,26.4706,0.3231
1759308099.5305464,y,228,213,-60,-15,3.6,26.4706,0.3231
1759308099.5548384,y,226,213,-60,-13,3.6,26.4706,0.3231
1759308099.568867,y,225,213,-60,-12,3.6,26.4706,0.3231
1759308099.592674,y,222,213,-60,-9,3.6,26.4706,0.3231
1759308099.6051888,y,221,213,-60,-8,3.6,26.4706,0.3231
1759308099.6296432,y,219,213,-60,-6,3.6,26.4706,0.3231
1759308099.6438305,y,218,213,-60,-5,3.6,26.4706,0.3231
1759308099.666048,y,215,213,-60,-2,3.6,26.4706,0.3231
1759308099.6802533,y,214,213,-60,-1,3.6,26.4706,0.3231
1759308099.7013543,y,211,213,-60,2,3.6,26.4706,0.3231
1759308099.718487,y,210,213,-60,3,3.6,26.4706,0.3231
1759308099.741172,y,208,213,-60,5,3.6,26.4706,0.3231
1759308099.7569268,y,206,213,-60,7,3.6,26.4706,0.3231
1759308099.780739,y,204,213,-60,9,3.6,26.4706,0.3231
1759308099.79921,y,203,213,-60,10,3.6,26.4706,0.3231
1759308099.8229244,y,200,213,-60,13,3.6,26.4706,0.3231
1759308099.836507,y,199,213,-60,14,3.6,26.4706,0.3231
1759308099.8619912,y,197,213,-60,16,3.6,26.4706,0.3231
1759308099.8778703,y,194,213,-60,19,3.6,26.4706,0.3231
1759308099.8989863,y,193,213,-60,20,3.6,26.4706,0.3231
1759308099.9177268,y,191,213,-60,22,3.6,26.4706,0.3231
1759308099.9392595,y,188,213,-60,25,3.6,26.4706,0.3231
1759308099.9616814,y,187,213,-60,26,3.6,26.4706,0.3231
1759308099.985757,y,184,213,-60,29,3.6,26.4706,0.3231
1759308100.0077531,y,183,213,-60,30,3.6,26.4706,0.3231
1759308100.0405798,y,180,213,-38.21228168123659,33,3.6,26.4706,0.3231
1759308100.0699453,y,178,213,-11.328403057593441,35,3.6,26.4706,0.3231
1759308100.0969882,y,175,213,40.51126035543903,38,3.6,26.4706,0.3231
1759308100.1184509,y,172,213,60,41,3.6,26.4706,0.3231
1759308100.1401298,y,172,213,60,41,3.6,26.4706,0.3231
1759308100.1613936,y,172,213,60,41,3.6,26.4706,0.3231
1759308100.1852574,y,174,213,60,39,3.6,26.4706,0.3231
1759308100.1996276,y,175,213,60,38,3.6,26.4706,0.3231
1759308100.2239594,y,177,213,60,36,3.6,26.4706,0.3231
1759308100.2376158,y,179,213,60,34,3.6,26.4706,0.3231
1759308100.2637422,y,180,213,60,33,3.6,26.4706,0.3231
1759308100.2795587,y,181,213,60,32,3.6,26.4706,0.3231
1759308100.3010094,y,184,213,60,29,3.6,26.4706,0.3231
1759308100.3209062,y,185,213,60,28,3.6,26.4706,0.3231
1759308100.3449352,y,187,213,60,26,3.6,26.4706,0.3231
1759308100.361458,y,188,213,60,25,3.6,26.4706,0.3231
1759308100.3840878,y,190,213,60,23,3.6,26.4706,0.3231
1759308100.3999178,y,191,213,60,22,3.6,26.4706,0.3231
1759308100.4252985,y,193,213,60,20,3.6,26.4706,0.3231
1759308100.4400177,y,194,213,60,19,3.6,26.4706,0.3231
1759308100.4630475,y,196,213,60,17,3.6,26.4706,0.3231
1759308100.4808717,y,198,213,60,15,3.6,26.4706,0.3231
1759308100.5118065,y,200,213,60,13,3.6,26.4706,0.3231
1759308100.5379097,y,201,213,60,12,3.6,26.4706,0.3231
1759308100.5712097,y,204,213,60,9,3.6,26.4706,0.3231
1759308100.5975773,y,207,213,60,6,3.6,26.4706,0.3231
1759308100.6123219,y,208,213,60,5,3.6,26.4706,0.3231
1759308100.6332388,y,210,213,60,3,3.6,26.4706,0.3231
1759308100.648089,y,211,213,60,2,3.6,26.4706,0.3231
1759308100.66848,y,213,213,60,0,3.6,26.4706,0.3231
1759308100.6843042,y,214,213,60,-1,3.6,26.4706,0.3231
1759308100.7169495,y,217,213,60,-4,3.6,26.4706,0.3231
1759308100.7418718,y,218,213,60,-5,3.6,26.4706,0.3231
1759308100.770975,y,221,213,60,-8,3.6,26.4706,0.3231
1759308100.798638,y,224,213,60,-11,3.6,26.4706,0.3231
1759308100.8128185,y,225,213,60,-12,3.6,26.4706,0.3231
1759308100.8347538,y,227,213,60,-14,3.6,26.4706,0.3231
1759308100.8539536,y,228,213,60,-15,3.6,26.4706,0.3231
1759308100.878849,y,231,213,46.72808519236084,-18,3.6,26.4706,0.3231
1759308100.8948393,y,232,213,53.814726253214104,-19,3.6,26.4706,0.3231
1759308100.9198298,y,234,213,27.071198126158905,-21,3.6,26.4706,0.3231
1759308100.9344351,y,236,213,-7.407342886402233,-23,3.6,26.4706,0.3231
1759308100.9591937,y,237,213,4.457910710349642,-24,3.6,26.4706,0.3231
1759308100.970821,y,239,213,-53.27090965647322,-26,3.6,26.4706,0.3231
1759308100.9952927,y,239,213,-14.536653816843042,-26,3.6,26.4706,0.3231
1759308101.018083,y,240,213,-48.60211886375886,-27,3.6,26.4706,0.3231
1759308101.050351,y,238,213,-28.5526728433554,-25,3.6,26.4706,0.3231
1759308101.0738962,y,237,213,-46.21449436779052,-24,3.6,26.4706,0.3231
1759308101.10053,y,235,213,-43.98478340128928,-22,3.6,26.4706,0.3231
1759308101.123993,y,233,213,-45.92761894707613,-20,3.6,26.4706,0.3231
1759308101.1388679,y,232,213,-55.628959029641784,-19,3.6,26.4706,0.3231
1759308101.1634247,y,231,213,-60,-18,3.6,26.4706,0.3231
1759308101.1778107,y,230,213,-60,-17,3.6,26.4706,0.3231
1759308101.199415,y,228,213,-59.791840106761356,-15,3.6,26.4706,0.3231
1759308101.2138002,y,227,213,-60,-14,3.6,26.4706,0.3231
1759308101.2344213,y,224,213,-39.63258033908868,-11,3.6,26.4706,0.3231
1759308101.2504976,y,223,213,-60,-10,3.6,26.4706,0.3231
1759308101.2729304,y,221,213,-56.037869976419465,-8,3.6,26.4706,0.3231
1759308101.2894742,y,220,213,-60,-7,3.6,26.4706,0.3231
1759308101.313246,y,218,213,-53.07213314622742,-5,3.6,26.4706,0.3231
1759308101.3280482,y,217,213,-56.395128810982825,-4,3.6,26.4706,0.3231
1759308101.3538766,y,215,213,-47.371315236853064,-2,3.6,26.4706,0.3231
1759308101.3677814,y,213,213,-18.717196798045862,0,3.6,26.4706,0.3231
1759308101.393976,y,211,213,-31.934319208146825,2,3.6,26.4706,0.3231
1759308101.4058967,y,210,213,-24.952773761984403,3,3.6,26.4706,0.3231
1759308101.4290555,y,209,213,-32.05329326944748,4,3.6,26.4706,0.3231
1759308101.4465883,y,209,213,-44.14838252649307,4,3.6,26.4706,0.3231
1759308101.4684377,y,208,213,-22.8689541157538,5,3.6,26.4706,0.3231
1759308101.4864252,y,207,213,-13.237227608216006,6,3.6,26.4706,0.3231
1759308101.5171404,y,206,213,-11.38914593244872,7,3.6,26.4706,0.3231
1759308101.542191,y,205,213,-0.10564059190813069,8,3.6,26.4706,0.3231
1759308101.5738912,y,204,213,8.340965414472706,9,3.6,26.4706,0.3231
1759308101.6042387,y,204,213,5.378448779153821,9,3.6,26.4706,0.3231
1759308101.620847,y,204,213,9.335119054841993,9,3.6,26.4706,0.3231
1759308101.64457,y,203,213,32.8343946435323,10,3.6,26.4706,0.3231
1759308101.6617692,y,203,213,23.76746164135933,10,3.6,26.4706,0.3231
1759308101.68565,y,203,213,30.088894657182692,10,3.6,26.4706,0.3231
1759308101.7004092,y,204,213,8.113393539755222,9,3.6,26.4706,0.3231
1759308101.723499,y,204,213,35.505854264783856,9,3.6,26.4706,0.3231
1759308101.7366376,y,205,213,10.096345707469606,8,3.6,26.4706,0.3231
1759308101.7621033,y,205,213,40.080877555036544,8,3.6,26.4706,0.3231
1759308101.7764814,y,206,213,16.673329425699382,7,3.6,26.4706,0.3231
1759308101.7981288,y,207,213,24.05763393032224,6,3.6,26.4706,0.3231
1759308101.8234215,y,207,213,43.00024449095726,6,3.6,26.4706,0.3231
1759308101.8588247,y,207,213,48.62311636939049,6,3.6,26.4706,0.3231
1759308101.8826275,y,208,213,34.59942502285173,5,3.6,26.4706,0.3231
1759308101.908921,y,209,213,35.06930273642794,4,3.6,26.4706,0.3231
1759308101.9316213,y,211,213,12.892713024418441,2,3.6,26.4706,0.3231
1759308101.9530249,y,213,213,3.968033169400865,0,3.6,26.4706,0.3231
1759308101.9714441,y,213,213,34.15928493552208,0,3.6,26.4706,0.3231
1759308101.9966497,y,214,213,17.073503455183733,-1,3.6,26.4706,0.3231
1759308102.0126414,y,214,213,29.468767687273022,-1,3.6,26.4706,0.3231
1759308102.0362463,y,215,213,10.931244064298301,-2,3.6,26.4706,0.3231
1759308102.0512643,y,215,213,23.82402733578682,-2,3.6,26.4706,0.3231
1759308102.0761635,y,216,213,5.270436093758359,-3,3.6,26.4706,0.3231
1759308102.0890107,y,216,213,17.226515430116653,-3,3.6,26.4706,0.3231
1759308102.1144145,y,216,213,15.20915886707306,-3,3.6,26.4706,0.3231
1759308102.1317031,y,217,213,-8.909932481505573,-4,3.6,26.4706,0.3231
1759308102.152817,y,217,213,7.54300392627716,-4,3.6,26.4706,0.3231
1759308102.1723435,y,217,213,5.475493187904357,-4,3.6,26.4706,0.3231
1759308102.1972558,y,218,213,-14.39119919084526,-5,3.6,26.4706,0.3231
1759308102.2126837,y,218,213,-3.463651339292525,-5,3.6,26.4706,0.3231
1759308102.2471964,y,218,213,-8.031518432617187,-5,3.6,26.4706,0.3231
1759308102.2713985,y,218,213,-11.234740083456039,-5,3.6,26.4706,0.3231
1759308102.3038454,y,218,213,-15.529179512739182,-5,3.6,26.4706,0.3231
1759308102.328075,y,217,213,-1.159690313505509,-4,3.6,26.4706,0.3231
1759308102.3447478,y,217,213,-16.260021267843246,-4,3.6,26.4706,0.3231
1759308102.3694804,y,217,213,-18.878767225790025,-4,3.6,26.4706,0.3231
1759308102.3822691,y,217,213,-20.232873159933092,-4,3.6,26.4706,0.3231
1759308102.4064608,y,217,213,-22.79433973002434,-4,3.6,26.4706,0.3231
1759308102.418266,y,217,213,-24.044312797307967,-4,3.6,26.4706,0.3231
1759308102.4436188,y,217,213,-26.72871926112175,-4,3.6,26.4706,0.3231
1759308102.455464,y,217,213,-27.982908131742477,-4,3.6,26.4706,0.3231
1759308102.4788759,y,216,213,-12.441474908297641,-3,3.6,26.4706,0.3231
1759308102.4964848,y,216,213,-27.640449272584917,-3,3.6,26.4706,0.3231
1759308102.5281289,y,215,213,-15.505293947243821,-2,3.6,26.4706,0.3231
1759308102.5538225,y,214,213,-10.220763619921511,-1,3.6,26.4706,0.3231
1759308102.5856192,y,213,213,-9.034418849402464,0,3.6,26.4706,0.3231
1759308102.6122591,y,213,213,-19.19585267686844,0,3.6,26.4706,0.3231
1759308102.6267772,y,212,213,7.043545103298529,1,3.6,26.4706,0.3231
1759308102.6488576,y,212,213,-14.627069905519486,1,3.6,26.4706,0.3231
1759308102.6634586,y,212,213,-14.24057288131714,1,3.6,26.4706,0.3231
1759308102.684734,y,212,213,-13.677397093009949,1,3.6,26.4706,0.3231
1759308102.7007687,y,212,213,-13.252951527690888,1,3.6,26.4706,0.3231
1759308102.7217128,y,212,213,-12.69854814453125,1,3.6,26.4706,0.3231
1759308102.740602,y,212,213,-12.19853998436928,1,3.6,26.4706,0.3231
1759308102.764844,y,211,213,6.0130064468297215,2,3.6,26.4706,0.3231
1759308102.7810347,y,211,213,-6.457984773206712,2,3.6,26.4706,0.3231
1759308102.8051615,y,211,213,-5.180684717226028,2,3.6,26.4706,0.3231
1759308102.826043,y,211,213,-4.075197580480576,2,3.6,26.4706,0.3231
1759308102.8487284,y,211,213,-2.8741985160350803,2,3.6,26.4706,0.3231
1759308102.8646286,y,211,213,-2.0324262868404395,2,3.6,26.4706,0.3231
1759308102.8859632,y,211,213,-0.902944413137436,2,3.6,26.4706,0.3231
1759308102.903487,y,211,213,0.0247847643375394,2,3.6,26.4706,0.3231
1759308102.9382646,y,210,213,15.6769916542113,3,3.6,26.4706,0.3231
1759308102.962894,y,210,213,8.34240123128891,3,3.6,26.4706,0.3231
1759308102.9926348,y,210,213,10.704172518157959,3,3.6,26.4706,0.3231
1759308103.0190027,y,209,213,29.349603613178182,4,3.6,26.4706,0.3231
1759308103.0353844,y,209,213,18.830607352638246,4,3.6,26.4706,0.3231
1759308103.0625253,y,210,213,5.481349581914085,3,3.6,26.4706,0.3231
1759308103.0781748,y,210,213,18.628671063995363,3,3.6,26.4706,0.3231
1759308103.102328,y,210,213,20.546722738552095,3,3.6,26.4706,0.3231
1759308103.1169653,y,210,213,21.70909166493416,3,3.6,26.4706,0.3231
1759308103.146744,y,210,213,24.073873338317874,3,3.6,26.4706,0.3231
1759308103.1735826,y,210,213,26.20517019095421,3,3.6,26.4706,0.3231
1759308103.185344,y,210,213,27.13916627368927,3,3.6,26.4706,0.3231
1759308103.209131,y,210,213,29.028136478519443,3,3.6,26.4706,0.3231
1759308103.226033,y,210,213,30.370352332592013,3,3.6,26.4706,0.3231
1759308103.2488317,y,210,213,32.18084422230721,3,3.6,26.4706,0.3231
1759308103.266485,y,211,213,11.212824391453204,2,3.6,26.4706,0.3231
1759308103.2898235,y,211,213,30.75099841198921,2,3.6,26.4706,0.3231
1759308103.306453,y,212,213,8.16181304258415,1,3.6,26.4706,0.3231
1759308103.330967,y,213,213,10.810945014764128,0,3.6,26.4706,0.3231
1759308103.347639,y,213,213,23.99119012899399,0,3.6,26.4706,0.3231
1759308103.3713853,y,213,213,23.99119012899399,0,3.6,26.4706,0.3231
1759308103.3862321,y,213,213,23.99119012899399,0,3.6,26.4706,0.3231
1759308103.412528,y,213,213,23.99119012899399,0,3.6,26.4706,0.3231
1759308103.4392266,y,214,213,7.582699467072329,-1,3.6,26.4706,0.3231
1759308103.4739897,y,215,213,4.949723779238045,-2,3.6,26.4706,0.3231
1759308103.4970002,y,216,213,-5.224662834174161,-3,3.6,26.4706,0.3231
1759308103.5214007,y,217,213,-10.608369662525396,-4,3.6,26.4706,0.3231
1759308103.545618,y,217,213,0.06898416247367933,-4,3.6,26.4706,0.3231
1759308103.5590594,y,217,213,-1.3542155066013333,-4,3.6,26.4706,0.3231
1759308103.5820985,y,217,213,-3.7936509788990023,-4,3.6,26.4706,0.3231
1759308103.596542,y,217,213,-5.322952572679519,-4,3.6,26.4706,0.3231
1759308103.6184294,y,217,213,-7.6404579245090485,-4,3.6,26.4706,0.3231
1759308103.6445205,y,217,213,-10.403046082544327,-4,3.6,26.4706,0.3231
1759308103.6809347,y,216,213,-0.8218337250770098,-3,3.6,26.4706,0.3231
1759308103.713439,y,216,213,-12.275985565948487,-3,3.6,26.4706,0.3231
1759308103.730616,y,216,213,-13.64005038881302,-3,3.6,26.4706,0.3231
1759308103.7481413,y,216,213,-15.031757754516603,-3,3.6,26.4706,0.3231
1759308103.7702012,y,216,213,-16.783575507068633,-3,3.6,26.4706,0.3231
1759308103.785468,y,216,213,-17.99594714279175,-3,3.6,26.4706,0.3231
1759308103.808595,y,215,213,-1.6495299223016602,-2,3.6,26.4706,0.3231
1759308103.8273199,y,215,213,-16.61162948408127,-2,3.6,26.4706,0.3231
1759308103.8489394,y,215,213,-17.75619484577179,-2,3.6,26.4706,0.3231
1759308103.8709805,y,215,213,-18.923076196384432,-2,3.6,26.4706,0.3231
1759308103.895766,y,214,213,-2.9433259810102452,-1,3.6,26.4706,0.3231
1759308103.9124506,y,214,213,-16.420813323402406,-1,3.6,26.4706,0.3231
1759308103.944824,y,214,213,-17.277757395744324,-1,3.6,26.4706,0.3231
1759308103.9686112,y,214,213,-17.907420441770554,-1,3.6,26.4706,0.3231
1759308104.0003161,y,213,213,-4.116567513510667,0,3.6,26.4706,0.3231
1759308104.0311365,y,213,213,-14.307420441770555,0,3.6,26.4706,0.3231
1759308104.0473695,y,212,213,9.626215409265884,1,3.6,26.4706,0.3231
1759308104.0706143,y,212,213,-9.662418722963334,1,3.6,26.4706,0.3231
1759308104.0943463,y,211,213,8.808538369220628,2,3.6,26.4706,0.3231
1759308104.1113873,y,211,213,-3.903851681375504,2,3.6,26.4706,0.3231
1759308104.1345189,y,211,213,-2.6792365449428557,2,3.6,26.4706,0.3231
1759308104.150488,y,211,213,-1.8338165098667139,2,3.6,26.4706,0.3231
1759308104.172683,y,211,213,-0.6587812402248385,2,3.6,26.4706,0.3231
1759308104.1898692,y,211,213,0.25107495064735375,2,3.6,26.4706,0.3231
1759308104.2148547,y,211,213,1.57384004740715,2,3.6,26.4706,0.3231
1759308104.2315147,y,211,213,2.455839118623733,2,3.6,26.4706,0.3231
1759308104.2539191,y,211,213,3.64195664973259,2,3.6,26.4706,0.3231
1759308104.270954,y,210,213,27.56180844905476,3,3.6,26.4706,0.3231
1759308104.2964451,y,210,213,10.619023388481141,3,3.6,26.4706,0.3231
1759308104.3127434,y,210,213,11.913300257301332,3,3.6,26.4706,0.3231
1759308104.3346355,y,210,213,13.651789002895356,3,3.6,26.4706,0.3231
1759308104.350888,y,210,213,14.942430687999726,3,3.6,26.4706,0.3231
1759308104.3728828,y,210,213,16.689079663705826,3,3.6,26.4706,0.3231
1759308104.392098,y,211,213,-2.7085442024351636,2,3.6,26.4706,0.3231
1759308104.4150589,y,211,213,15.321928150320055,2,3.6,26.4706,0.3231
1759308104.441535,y,211,213,16.723607026910784,2,3.6,26.4706,0.3231
1759308104.4775245,y,211,213,18.628935558462143,2,3.6,26.4706,0.3231
1759308104.5005326,y,211,213,19.847012413072587,2,3.6,26.4706,0.3231
1759308104.5239928,y,211,213,21.08902089381218,2,3.6,26.4706,0.3231
1759308104.5473976,y,212,213,4.303722041533295,1,3.6,26.4706,0.3231
1759308104.5614676,y,212,213,18.48100320568085,1,3.6,26.4706,0.3231
1759308104.5833938,y,212,213,19.061401939058307,1,3.6,26.4706,0.3231
1759308104.598015,y,212,213,19.44843540530205,1,3.6,26.4706,0.3231
1759308104.6192968,y,212,213,20.01177528176308,1,3.6,26.4706,0.3231
1759308104.6350334,y,212,213,20.428331993532183,1,3.6,26.4706,0.3231
1759308104.6593485,y,213,213,3.5403031422305187,0,3.6,26.4706,0.3231
1759308104.6770236,y,213,213,16.82833199353218,0,3.6,26.4706,0.3231
1759308104.70117,y,213,213,16.82833199353218,0,3.6,26.4706,0.3231
1759308104.7164922,y,213,213,16.82833199353218,0,3.6,26.4706,0.3231
1759308104.741254,y,213,213,16.82833199353218,0,3.6,26.4706,0.3231
1759308104.7537067,y,213,213,16.82833199353218,0,3.6,26.4706,0.3231
1759308104.7794185,y,213,213,16.82833199353218,0,3.6,26.4706,0.3231
1759308104.7944567,y,213,213,16.82833199353218,0,3.6,26.4706,0.3231
1759308104.8158886,y,214,213,-2.414625995674694,-1,3.6,26.4706,0.3231
1759308104.8455658,y,214,213,11.875444098377228,-1,3.6,26.4706,0.3231
1759308104.8784604,y,214,213,11.004703998947145,-1,3.6,26.4706,0.3231
1759308104.9020684,y,214,213,10.37978688721657,-1,3.6,26.4706,0.3231
1759308104.928809,y,214,213,9.671948458051682,-1,3.6,26.4706,0.3231
1759308104.9520261,y,214,213,9.057375211095811,-1,3.6,26.4706,0.3231
1759308104.9669027,y,214,213,8.663582575130464,-1,3.6,26.4706,0.3231
1759308104.990131,y,214,213,8.048719018363954,-1,3.6,26.4706,0.3231
1759308105.002263,y,214,213,7.727573256969453,-1,3.6,26.4706,0.3231
1759308105.0287693,y,214,213,7.025938622236252,-1,3.6,26.4706,0.3231
1759308105.0423286,y,214,213,6.667014718961717,-1,3.6,26.4706,0.3231
1759308105.064728,y,214,213,6.074088486146927,-1,3.6,26.4706,0.3231
1759308105.079087,y,214,213,5.6939972110271455,-1,3.6,26.4706,0.3231
1759308105.1006563,y,214,213,5.1230461686611175,-1,3.6,26.4706,0.3231
1759308105.1170886,y,214,213,4.688073717164993,-1,3.6,26.4706,0.3231
1759308105.138484,y,214,213,4.121723454189301,-1,3.6,26.4706,0.3231
1759308105.1553075,y,214,213,3.676394515752792,-1,3.6,26.4706,0.3231
1759308105.1801057,y,215,213,-14.265644763135963,-2,3.6,26.4706,0.3231
1759308105.1973476,y,215,213,-2.1492593364238735,-2,3.6,26.4706,0.3231
1759308105.2201684,y,215,213,-3.357415168809891,-2,3.6,26.4706,0.3231
1759308105.2350326,y,215,213,-4.144344088125229,-2,3.6,26.4706,0.3231
1759308105.2618139,y,215,213,-5.56217933678627,-2,3.6,26.4706,0.3231
1759308105.2772017,y,215,213,-6.376826531934738,-2,3.6,26.4706,0.3231
1759308105.2987056,y,215,213,-7.5152701432704925,-2,3.6,26.4706,0.3231
1759308105.3155727,y,215,213,-8.408237876462938,-2,3.6,26.4706,0.3231
1759308105.336759,y,215,213,-9.529868763113022,-2,3.6,26.4706,0.3231
1759308105.3554575,y,215,213,-10.51978735089302,-2,3.6,26.4706,0.3231
1759308105.3798761,y,215,213,-11.81253693766594,-2,3.6,26.4706,0.3231
1759308105.3974073,y,215,213,-12.740657402276995,-2,3.6,26.4706,0.3231
1759308105.4204907,y,214,213,4.245352002532179,-1,3.6,26.4706,0.3231
1759308105.4362593,y,215,213,-34.676676400596484,-2,3.6,26.4706,0.3231
1759308105.4631686,y,214,213,0.7081767836729611,-1,3.6,26.4706,0.3231
1759308105.4766984,y,214,213,-11.656942930316925,-1,3.6,26.4706,0.3231
1759308105.4986017,y,214,213,-12.236735799741744,-1,3.6,26.4706,0.3231
1759308105.5183275,y,214,213,-12.758889549589156,-1,3.6,26.4706,0.3231
1759308105.5416691,y,214,213,-13.376757181787491,-1,3.6,26.4706,0.3231
1759308105.5577636,y,214,213,-13.802786828899384,-1,3.6,26.4706,0.3231
1759308105.5826437,y,214,213,-14.461379878664017,-1,3.6,26.4706,0.3231
1759308105.5994854,y,214,213,-14.907188459396362,-1,3.6,26.4706,0.3231
1759308105.623731,y,213,213,2.0189954706676527,0,3.6,26.4706,0.3231
1759308105.638274,y,213,213,-11.307188459396363,0,3.6,26.4706,0.3231
1759308105.6629038,y,213,213,-11.307188459396363,0,3.6,26.4706,0.3231
1759308105.679187,y,213,213,-11.307188459396363,0,3.6,26.4706,0.3231
1759308105.7003152,y,213,213,-11.307188459396363,0,3.6,26.4706,0.3231
1759308105.7210116,y,213,213,-11.307188459396363,0,3.6,26.4706,0.3231
1759308105.7575758,y,213,213,-11.307188459396363,0,3.6,26.4706,0.3231
1759308105.7840343,y,213,213,-11.307188459396363,0,3.6,26.4706,0.3231
1759308105.8098466,y,212,213,5.493326778426695,1,3.6,26.4706,0.3231
1759308105.84002,y,212,213,-6.22521367583275,1,3.6,26.4706,0.3231
1759308105.8565261,y,212,213,-5.788284788656236,1,3.6,26.4706,0.3231
1759308105.8809633,y,211,213,12.327100910988516,2,3.6,26.4706,0.3231
1759308105.8959203,y,211,213,-0.10271173119545018,2,3.6,26.4706,0.3231
1759308105.9186492,y,211,213,1.1005845674037928,2,3.6,26.4706,0.3231
1759308105.9340117,y,211,213,1.9138938129901888,2,3.6,26.4706,0.3231
1759308105.9562712,y,211,213,3.092337067365646,2,3.6,26.4706,0.3231
1759308105.9703648,y,211,213,3.8384711472034456,2,3.6,26.4706,0.3231
1759308105.994061,y,211,213,5.092975571966171,2,3.6,26.4706,0.3231
1759308106.0060885,y,211,213,5.729725964021683,2,3.6,26.4706,0.3231
1759308106.0308201,y,211,213,7.0390484543323515,2,3.6,26.4706,0.3231
1759308106.048423,y,211,213,7.970968190813065,2,3.6,26.4706,0.3231
1759308106.0819519,y,211,213,9.74602335038185,2,3.6,26.4706,0.3231
1759308106.109539,y,211,213,11.206521519041061,2,3.6,26.4706,0.3231
1759308106.1368084,y,211,213,12.650194340848923,2,3.6,26.4706,0.3231
1759308106.161782,y,211,213,13.972328329324723,2,3.6,26.4706,0.3231
1759308106.1743345,y,211,213,14.636872730207443,2,3.6,26.4706,0.3231
1759308106.1993477,y,211,213,15.961101998186113,2,3.6,26.4706,0.3231
1759308106.2139337,y,211,213,16.73330085015297,2,3.6,26.4706,0.3231
1759308106.235106,y,211,213,17.85418702902794,2,3.6,26.4706,0.3231
1759308106.251121,y,211,213,18.702043142080306,2,3.6,26.4706,0.3231
1759308106.2719536,y,211,213,19.804942734861374,2,3.6,26.4706,0.3231
1759308106.2874053,y,211,213,20.622972670412064,2,3.6,26.4706,0.3231
1759308106.311741,y,211,213,21.911342365694047,2,3.6,26.4706,0.3231
1759308106.3278313,y,211,213,22.763174460935595,2,3.6,26.4706,0.3231
1759308106.3511035,y,211,213,23.9952366751194,2,3.6,26.4706,0.3231
1759308106.3664567,y,211,213,24.80805365624428,2,3.6,26.4706,0.3231
1759308106.3885622,y,211,213,25.978342991590498,2,3.6,26.4706,0.3231
1759308106.403265,y,212,213,0.7921242235303723,1,3.6,26.4706,0.3231
1759308106.427899,y,212,213,23.419608549356465,1,3.6,26.4706,0.3231
1759308106.4555686,y,212,213,24.152041268348697,1,3.6,26.4706,0.3231
1759308106.4906723,y,213,213,11.347908974616184,0,3.6,26.4706,0.3231
1759308106.5140197,y,213,213,20.552041268348695,0,3.6,26.4706,0.3231
1759308106.538117,y,213,213,20.552041268348695,0,3.6,26.4706,0.3231
1759308106.562985,y,213,213,20.552041268348695,0,3.6,26.4706,0.3231
1759308106.575997,y,214,213,-8.222998080499622,-1,3.6,26.4706,0.3231
1759308106.5988274,y,214,213,16.003270940685272,-1,3.6,26.4706,0.3231
1759308106.6123827,y,214,213,15.644454325819018,-1,3.6,26.4706,0.3231
1759308106.6335995,y,214,213,15.082831063890458,-1,3.6,26.4706,0.3231
1759308106.6486142,y,215,213,-10.831047807822575,-2,3.6,26.4706,0.3231
1759308106.669975,y,215,213,9.557067246103287,-2,3.6,26.4706,0.3231
1759308106.6872034,y,215,213,8.644976931905745,-2,3.6,26.4706,0.3231
1759308106.7104864,y,215,213,7.412346720266343,-2,3.6,26.4706,0.3231
1759308106.7272835,y,215,213,6.523089903783798,-2,3.6,26.4706,0.3231
1759308106.7505608,y,215,213,5.290762624120712,-2,3.6,26.4706,0.3231
1759308106.7669098,y,215,213,4.42522285695076,-2,3.6,26.4706,0.3231
1759308106.789328,y,215,213,3.2383732402324688,-2,3.6,26.4706,0.3231
1759308106.8076596,y,216,213,-19.442738632916402,-3,3.6,26.4706,0.3231
1759308106.8310199,y,215,213,14.377100019650591,-2,3.6,26.4706,0.3231
1759308106.8480084,y,216,213,-23.421905016624574,-3,3.6,26.4706,0.3231
1759308106.8699582,y,216,213,-6.146245380306245,-3,3.6,26.4706,0.3231
1759308106.890397,y,216,213,-7.769335976171494,-3,3.6,26.4706,0.3231
